game_date,player_name,p_throws,hit,bb,pa,rbi
2025-03-18,Andy Pages,L,0,0,1,0
2025-03-18,Andy Pages,R,0,2,1,0
2025-03-18,Enrique Hernandez,L,0,0,2,0
2025-03-18,Enrique Hernandez,R,0,0,3,0
2025-03-18,Max Muncy,L,0,2,0,0
2025-03-18,Max Muncy,R,0,0,3,0
2025-03-18,Michael Conforto,L,0,0,2,0
2025-03-18,Michael Conforto,R,1,0,2,0
2025-03-18,Miguel Rojas,L,0,0,1,0
2025-03-18,Miguel Rojas,R,1,0,3,0
2025-03-18,Shohei Ohtani,L,0,0,2,0
2025-03-18,Shohei Ohtani,R,2,0,3,0
2025-03-18,Teoscar Hernandez,L,0,1,1,0
2025-03-18,Teoscar Hernandez,R,1,0,3,2
2025-03-18,Tommy Edman,L,0,0,2,0
2025-03-18,Tommy Edman,R,1,0,3,1
2025-03-18,Will Smith,L,0,1,1,0
2025-03-18,Will Smith,R,1,2,1,1
2025-03-19,Andy Pages,L,0,0,1,0
2025-03-19,Andy Pages,R,1,1,2,0
2025-03-19,Enrique Hernandez,L,1,0,3,3
2025-03-19,Enrique Hernandez,R,0,0,1,0
2025-03-19,Max Muncy,L,1,0,3,0
2025-03-19,Max Muncy,R,0,0,1,0
2025-03-19,Michael Conforto,L,1,0,2,0
2025-03-19,Michael Conforto,R,0,1,1,0
2025-03-19,Miguel Rojas,L,0,0,2,0
2025-03-19,Miguel Rojas,R,0,1,1,0
2025-03-19,Shohei Ohtani,L,0,0,2,0
2025-03-19,Shohei Ohtani,R,1,1,1,1
2025-03-19,Teoscar Hernandez,L,0,0,2,0
2025-03-19,Teoscar Hernandez,R,0,0,2,0
2025-03-19,Tommy Edman,L,1,0,2,1
2025-03-19,Tommy Edman,R,0,0,3,0
2025-03-19,Will Smith,L,1,1,2,0
2025-03-19,Will Smith,R,0,1,0,0
2025-03-23,Andy Pages,L,0,0,1,1
2025-03-23,Andy Pages,R,1,1,2,0
2025-03-23,Enrique Hernandez,R,1,1,1,0
2025-03-23,Freddie Freeman,R,0,0,2,0
2025-03-23,Max Muncy,R,1,0,2,1
2025-03-23,Michael Conforto,R,0,0,3,0
2025-03-23,Miguel Rojas,R,1,0,2,0
2025-03-23,Shohei Ohtani,R,0,1,1,0
2025-03-23,Teoscar Hernandez,R,0,0,3,0
2025-03-23,Tommy Edman,R,1,0,3,0
2025-03-23,Will Smith,R,0,0,2,0
2025-03-24,Andy Pages,R,0,0,2,0
2025-03-24,Enrique Hernandez,L,0,0,2,0
2025-03-24,Enrique Hernandez,R,0,0,1,0
2025-03-24,Freddie Freeman,L,0,0,2,0
2025-03-24,Freddie Freeman,R,0,0,1,0
2025-03-24,Max Muncy,L,1,0,2,0
2025-03-24,Max Muncy,R,1,0,1,0
2025-03-24,Michael Conforto,L,0,1,1,0
2025-03-24,Michael Conforto,R,0,1,0,0
2025-03-24,Miguel Rojas,L,0,1,0,0
2025-03-24,Miguel Rojas,R,0,0,2,0
2025-03-24,Shohei Ohtani,L,0,0,1,0
2025-03-24,Shohei Ohtani,R,0,0,1,0
2025-03-24,Teoscar Hernandez,L,1,0,2,1
2025-03-24,Teoscar Hernandez,R,1,0,2,1
2025-03-24,Tommy Edman,L,1,0,2,0
2025-03-24,Tommy Edman,R,0,0,1,0
2025-03-25,Andy Pages,R,0,0,3,0
2025-03-25,Enrique Hernandez,R,0,0,1,0
2025-03-25,Freddie Freeman,R,0,0,3,0
2025-03-25,Max Muncy,R,0,2,0,0
2025-03-25,Michael Conforto,R,0,0,2,0
2025-03-25,Miguel Rojas,R,0,0,2,1
2025-03-25,Mookie Betts,R,0,0,3,0
2025-03-25,Shohei Ohtani,R,1,0,2,0
2025-03-25,Teoscar Hernandez,R,0,0,2,0
2025-03-25,Tommy Edman,R,0,0,2,0
2025-03-25,Will Smith,R,1,0,2,2
2025-03-27,Andy Pages,L,1,0,2,0
2025-03-27,Andy Pages,R,0,0,1,0
2025-03-27,Freddie Freeman,L,0,0,3,0
2025-03-27,Freddie Freeman,R,0,0,1,0
2025-03-27,Max Muncy,L,0,0,2,0
2025-03-27,Max Muncy,R,0,0,1,0
2025-03-27,Miguel Rojas,L,0,0,2,0
2025-03-27,Miguel Rojas,R,0,0,1,0
2025-03-27,Mookie Betts,L,1,1,2,0
2025-03-27,Mookie Betts,R,0,0,1,0
2025-03-27,Shohei Ohtani,L,1,0,3,0
2025-03-27,Shohei Ohtani,R,1,0,1,1
2025-03-27,Teoscar Hernandez,L,1,0,3,3
2025-03-27,Teoscar Hernandez,R,0,0,1,0
2025-03-27,Tommy Edman,L,1,0,2,1
2025-03-27,Tommy Edman,R,0,0,2,0
2025-03-27,Will Smith,L,1,0,2,0
2025-03-27,Will Smith,R,0,0,1,0
2025-03-28,Andy Pages,L,0,0,1,0
2025-03-28,Andy Pages,R,0,0,2,0
2025-03-28,Freddie Freeman,R,1,0,4,2
2025-03-28,Max Muncy,L,0,0,1,0
2025-03-28,Max Muncy,R,0,0,3,0
2025-03-28,Michael Conforto,L,0,0,1,0
2025-03-28,Michael Conforto,R,1,0,3,1
2025-03-28,Mookie Betts,R,3,0,5,4
2025-03-28,Shohei Ohtani,R,1,1,4,0
2025-03-28,Teoscar Hernandez,R,0,1,3,0
2025-03-28,Tommy Edman,L,0,0,1,0
2025-03-28,Tommy Edman,R,1,0,3,0
2025-03-28,Will Smith,R,1,0,1,1
2025-03-29,Andy Pages,L,0,0,1,0
2025-03-29,Andy Pages,R,1,0,3,0
2025-03-29,Freddie Freeman,L,0,0,1,0
2025-03-29,Freddie Freeman,R,2,0,3,2
2025-03-29,Max Muncy,L,0,0,1,0
2025-03-29,Max Muncy,R,0,0,3,0
2025-03-29,Michael Conforto,L,0,0,1,0
2025-03-29,Michael Conforto,R,1,1,2,1
2025-03-29,Miguel Rojas,R,0,0,3,0
2025-03-29,Shohei Ohtani,R,0,1,2,0
2025-03-29,Teoscar Hernandez,R,1,0,4,2
2025-03-29,Tommy Edman,R,1,0,3,1
2025-03-29,Will Smith,L,1,0,1,1
2025-03-29,Will Smith,R,0,0,3,0
2025-03-31,Andy Pages,R,0,0,4,0
2025-03-31,Enrique Hernandez,R,1,0,4,1
2025-03-31,Max Muncy,R,1,1,3,0
2025-03-31,Michael Conforto,R,1,1,3,1
2025-03-31,Mookie Betts,R,1,0,5,0
2025-03-31,Shohei Ohtani,R,0,2,3,0
2025-03-31,Teoscar Hernandez,R,2,1,3,2
2025-03-31,Tommy Edman,R,1,0,4,1
2025-03-31,Will Smith,R,2,1,3,1
2025-04-01,Andy Pages,L,0,0,3,0
2025-04-01,Enrique Hernandez,L,0,0,2,0
2025-04-01,Enrique Hernandez,R,0,0,1,0
2025-04-01,Miguel Rojas,L,0,0,2,0
2025-04-01,Miguel Rojas,R,0,0,1,0
2025-04-01,Mookie Betts,L,1,0,2,2
2025-04-01,Mookie Betts,R,0,0,1,0
2025-04-01,Shohei Ohtani,L,1,0,4,0
2025-04-01,Teoscar Hernandez,L,1,0,2,0
2025-04-01,Teoscar Hernandez,R,0,0,2,0
2025-04-01,Tommy Edman,L,1,0,3,0
2025-04-01,Tommy Edman,R,0,0,1,0
2025-04-01,Will Smith,L,0,0,1,0
2025-04-01,Will Smith,R,1,0,1,1
2025-04-02,Andy Pages,L,0,0,1,0
2025-04-02,Andy Pages,R,0,0,2,0
2025-04-02,Enrique Hernandez,L,0,0,1,0
2025-04-02,Enrique Hernandez,R,0,0,3,0
2025-04-02,Max Muncy,L,0,0,1,0
2025-04-02,Max Muncy,R,1,0,3,2
2025-04-02,Michael Conforto,R,2,2,2,1
2025-04-02,Mookie Betts,R,0,0,4,0
2025-04-02,Shohei Ohtani,L,1,0,1,0
2025-04-02,Shohei Ohtani,R,2,0,4,1
2025-04-02,Teoscar Hernandez,R,0,0,4,0
2025-04-02,Tommy Edman,R,2,1,3,2
2025-04-02,Will Smith,R,1,1,3,0
2025-04-04,Andy Pages,L,0,1,2,0
2025-04-04,Enrique Hernandez,L,0,0,3,0
2025-04-04,Max Muncy,R,0,0,1,0
2025-04-04,Michael Conforto,L,0,0,3,0
2025-04-04,Miguel Rojas,L,1,0,3,0
2025-04-04,Mookie Betts,L,0,0,3,0
2025-04-04,Mookie Betts,R,0,1,1,0
2025-04-04,Shohei Ohtani,L,1,0,4,0
2025-04-04,Teoscar Hernandez,L,2,0,3,0
2025-04-04,Teoscar Hernandez,R,0,0,1,0
2025-04-04,Tommy Edman,L,0,0,3,0
2025-04-04,Tommy Edman,R,1,0,1,2
2025-04-04,Will Smith,L,0,1,2,0
2025-04-04,Will Smith,R,0,1,0,0
2025-04-05,Andy Pages,L,0,1,0,0
2025-04-05,Andy Pages,R,0,0,3,0
2025-04-05,Enrique Hernandez,L,0,0,1,0
2025-04-05,Enrique Hernandez,R,1,0,3,2
2025-04-05,Max Muncy,L,0,0,1,0
2025-04-05,Max Muncy,R,3,0,3,0
2025-04-05,Michael Conforto,R,1,0,4,1
2025-04-05,Mookie Betts,R,2,0,4,0
2025-04-05,Shohei Ohtani,R,0,1,3,0
2025-04-05,Teoscar Hernandez,R,0,0,4,0
2025-04-05,Tommy Edman,L,0,0,1,0
2025-04-05,Tommy Edman,R,0,0,3,0
2025-04-06,Andy Pages,L,0,0,3,0
2025-04-06,Andy Pages,R,1,0,1,0
2025-04-06,Enrique Hernandez,L,0,1,2,0
2025-04-06,Enrique Hernandez,R,0,0,1,0
2025-04-06,Max Muncy,L,0,0,4,0
2025-04-06,Michael Conforto,L,0,0,2,0
2025-04-06,Michael Conforto,R,0,0,1,0
2025-04-06,Mookie Betts,L,1,0,4,0
2025-04-06,Mookie Betts,R,1,0,1,1
2025-04-06,Shohei Ohtani,L,0,0,4,0
2025-04-06,Shohei Ohtani,R,0,1,0,0
2025-04-06,Teoscar Hernandez,L,3,0,3,4
2025-04-06,Teoscar Hernandez,R,0,0,1,1
2025-04-06,Tommy Edman,L,1,0,4,0
2025-04-06,Tommy Edman,R,0,0,1,0
2025-04-06,Will Smith,L,1,0,3,0
2025-04-06,Will Smith,R,1,0,1,1
2025-04-07,Enrique Hernandez,L,0,0,2,0
2025-04-07,Enrique Hernandez,R,0,0,2,0
2025-04-07,Max Muncy,L,0,0,2,0
2025-04-07,Max Muncy,R,1,0,2,0
2025-04-07,Michael Conforto,R,0,1,1,0
2025-04-07,Miguel Rojas,L,0,0,2,0
2025-04-07,Miguel Rojas,R,0,0,1,0
2025-04-07,Mookie Betts,L,0,1,2,0
2025-04-07,Mookie Betts,R,1,0,2,1
2025-04-07,Shohei Ohtani,L,3,0,3,2
2025-04-07,Shohei Ohtani,R,0,1,1,0
2025-04-07,Teoscar Hernandez,L,1,0,3,0
2025-04-07,Teoscar Hernandez,R,0,0,1,0
2025-04-07,Tommy Edman,L,0,0,3,0
2025-04-07,Tommy Edman,R,1,0,1,0
2025-04-07,Will Smith,L,0,0,3,0
2025-04-07,Will Smith,R,1,0,1,1
2025-04-08,Andy Pages,R,2,1,3,1
2025-04-08,Enrique Hernandez,L,0,0,1,0
2025-04-08,Enrique Hernandez,R,1,1,2,1
2025-04-08,Max Muncy,L,0,0,1,0
2025-04-08,Max Muncy,R,1,0,3,0
2025-04-08,Michael Conforto,L,0,0,1,0
2025-04-08,Michael Conforto,R,0,1,3,0
2025-04-08,Miguel Rojas,R,1,0,2,0
2025-04-08,Mookie Betts,R,1,1,2,0
2025-04-08,Shohei Ohtani,R,1,0,5,0
2025-04-08,Teoscar Hernandez,R,1,0,3,0
2025-04-08,Tommy Edman,R,0,0,3,0
2025-04-09,Andy Pages,R,1,0,4,1
2025-04-09,Enrique Hernandez,R,0,1,3,0
2025-04-09,Max Muncy,R,0,0,4,0
2025-04-09,Michael Conforto,R,0,0,4,0
2025-04-09,Mookie Betts,R,1,1,4,0
2025-04-09,Shohei Ohtani,R,2,1,4,0
2025-04-09,Teoscar Hernandez,R,2,0,5,3
2025-04-09,Tommy Edman,R,2,1,3,2
2025-04-09,Will Smith,R,0,0,4,0
2025-04-11,Andy Pages,L,0,0,3,0
2025-04-11,Freddie Freeman,L,0,0,2,0
2025-04-11,Freddie Freeman,R,0,0,1,0
2025-04-11,Michael Conforto,L,1,1,2,0
2025-04-11,Michael Conforto,R,0,0,1,0
2025-04-11,Miguel Rojas,L,1,0,2,0
2025-04-11,Miguel Rojas,R,1,0,1,0
2025-04-11,Mookie Betts,L,0,1,2,0
2025-04-11,Mookie Betts,R,1,0,1,0
2025-04-11,Shohei Ohtani,L,0,0,3,0
2025-04-11,Shohei Ohtani,R,0,0,1,0
2025-04-11,Teoscar Hernandez,L,1,0,3,0
2025-04-11,Teoscar Hernandez,R,0,0,1,0
2025-04-11,Tommy Edman,L,1,0,3,3
2025-04-11,Tommy Edman,R,0,0,1,0
2025-04-11,Will Smith,L,0,1,2,0
2025-04-11,Will Smith,R,0,0,1,0
2025-04-12,Andy Pages,L,0,0,1,0
2025-04-12,Andy Pages,R,0,0,2,0
2025-04-12,Enrique Hernandez,R,0,0,1,0
2025-04-12,Freddie Freeman,R,1,0,3,0
2025-04-12,Max Muncy,R,1,0,3,0
2025-04-12,Michael Conforto,R,0,0,4,0
2025-04-12,Miguel Rojas,L,0,0,1,0
2025-04-12,Mookie Betts,R,0,0,4,0
2025-04-12,Shohei Ohtani,R,1,0,3,0
2025-04-12,Teoscar Hernandez,R,2,0,3,0
2025-04-12,Tommy Edman,R,0,0,3,0
2025-04-13,Enrique Hernandez,R,1,0,4,1
2025-04-13,Freddie Freeman,R,0,0,1,0
2025-04-13,Max Muncy,L,0,0,1,1
2025-04-13,Max Muncy,R,0,1,2,0
2025-04-13,Michael Conforto,L,1,0,1,0
2025-04-13,Michael Conforto,R,1,0,3,0
2025-04-13,Miguel Rojas,R,0,0,3,0
2025-04-13,Mookie Betts,R,1,1,3,0
2025-04-13,Shohei Ohtani,R,0,0,5,0
2025-04-13,Teoscar Hernandez,R,0,0,4,0
2025-04-13,Tommy Edman,R,1,1,3,0
2025-04-13,Will Smith,L,1,0,1,0
2025-04-13,Will Smith,R,1,0,3,0
2025-04-14,Andy Pages,L,0,0,1,0
2025-04-14,Andy Pages,R,0,0,3,0
2025-04-14,Enrique Hernandez,L,0,0,1,0
2025-04-14,Enrique Hernandez,R,1,0,3,0
2025-04-14,Freddie Freeman,L,0,0,1,0
2025-04-14,Freddie Freeman,R,2,0,4,0
2025-04-14,Max Muncy,L,0,1,0,0
2025-04-14,Max Muncy,R,0,1,1,0
2025-04-14,Michael Conforto,L,0,1,0,0
2025-04-14,Michael Conforto,R,0,1,2,0
2025-04-14,Mookie Betts,L,0,1,0,0
2025-04-14,Mookie Betts,R,2,0,4,2
2025-04-14,Shohei Ohtani,L,1,0,1,0
2025-04-14,Shohei Ohtani,R,2,0,4,1
2025-04-14,Tommy Edman,L,0,0,1,0
2025-04-14,Tommy Edman,R,0,0,3,0
2025-04-14,Will Smith,R,2,0,4,2
2025-04-15,Andy Pages,L,0,0,0,0
2025-04-15,Andy Pages,R,1,1,2,0
2025-04-15,Enrique Hernandez,R,0,1,0,0
2025-04-15,Freddie Freeman,L,0,0,1,0
2025-04-15,Freddie Freeman,R,2,2,2,1
2025-04-15,Max Muncy,R,0,2,2,0
2025-04-15,Michael Conforto,R,0,1,3,0
2025-04-15,Mookie Betts,L,0,0,1,0
2025-04-15,Mookie Betts,R,0,0,4,0
2025-04-15,Shohei Ohtani,L,0,0,1,0
2025-04-15,Shohei Ohtani,R,0,1,3,0
2025-04-15,Tommy Edman,R,4,0,5,0
2025-04-15,Will Smith,R,2,0,5,3
2025-04-16,Andy Pages,L,1,0,1,1
2025-04-16,Andy Pages,R,1,0,3,2
2025-04-16,Freddie Freeman,L,1,0,1,0
2025-04-16,Freddie Freeman,R,1,1,2,1
2025-04-16,Max Muncy,L,1,0,2,0
2025-04-16,Max Muncy,R,1,1,1,0
2025-04-16,Michael Conforto,L,0,0,2,0
2025-04-16,Michael Conforto,R,1,0,2,0
2025-04-16,Mookie Betts,L,0,0,1,0
2025-04-16,Mookie Betts,R,0,2,2,0
2025-04-16,Shohei Ohtani,R,2,0,5,2
2025-04-16,Teoscar Hernandez,L,0,0,1,0
2025-04-16,Teoscar Hernandez,R,0,0,3,0
2025-04-16,Tommy Edman,L,0,0,2,0
2025-04-16,Tommy Edman,R,0,0,1,0
2025-04-18,Andy Pages,L,0,0,1,0
2025-04-18,Andy Pages,R,0,0,2,0
2025-04-18,Enrique Hernandez,L,0,0,1,0
2025-04-18,Freddie Freeman,R,0,0,3,0
2025-04-18,Max Muncy,L,0,0,1,0
2025-04-18,Max Muncy,R,1,0,3,0
2025-04-18,Michael Conforto,R,0,1,3,0
2025-04-18,Mookie Betts,L,0,0,1,0
2025-04-18,Mookie Betts,R,0,1,2,0
2025-04-18,Teoscar Hernandez,R,1,0,4,1
2025-04-18,Tommy Edman,L,1,0,1,0
2025-04-18,Tommy Edman,R,2,0,3,1
2025-04-18,Will Smith,R,0,0,4,1
2025-04-19,Andy Pages,L,0,0,1,0
2025-04-19,Andy Pages,R,0,0,2,0
2025-04-19,Enrique Hernandez,L,1,0,1,0
2025-04-19,Freddie Freeman,R,1,0,4,2
2025-04-19,Max Muncy,L,0,0,1,0
2025-04-19,Max Muncy,R,1,0,2,1
2025-04-19,Michael Conforto,R,1,0,4,0
2025-04-19,Mookie Betts,R,1,0,4,0
2025-04-19,Teoscar Hernandez,R,0,0,3,0
2025-04-19,Tommy Edman,R,0,0,4,0
2025-04-19,Will Smith,L,0,1,0,0
2025-04-19,Will Smith,R,0,0,3,0
2025-04-20,Freddie Freeman,R,0,1,3,1
2025-04-20,Max Muncy,L,0,0,1,0
2025-04-20,Max Muncy,R,0,0,3,0
2025-04-20,Michael Conforto,L,0,0,1,0
2025-04-20,Michael Conforto,R,0,1,2,0
2025-04-20,Miguel Rojas,R,0,0,3,0
2025-04-20,Mookie Betts,R,0,1,3,0
2025-04-20,Shohei Ohtani,R,0,1,3,0
2025-04-20,Teoscar Hernandez,R,1,0,4,0
2025-04-20,Tommy Edman,L,0,0,1,0
2025-04-20,Tommy Edman,R,0,0,3,0
2025-04-20,Will Smith,R,1,0,1,0
2025-04-22,Andy Pages,L,1,0,2,1
2025-04-22,Andy Pages,R,1,0,2,0
2025-04-22,Enrique Hernandez,L,0,0,2,0
2025-04-22,Enrique Hernandez,R,0,0,2,0
2025-04-22,Freddie Freeman,L,0,0,3,0
2025-04-22,Freddie Freeman,R,1,0,2,2
2025-04-22,Max Muncy,L,0,1,2,0
2025-04-22,Max Muncy,R,0,0,2,0
2025-04-22,Michael Conforto,R,0,0,1,0
2025-04-22,Mookie Betts,L,0,0,3,0
2025-04-22,Mookie Betts,R,0,1,1,0
2025-04-22,Shohei Ohtani,L,1,0,3,0
2025-04-22,Shohei Ohtani,R,0,1,1,0
2025-04-22,Teoscar Hernandez,L,2,0,3,0
2025-04-22,Teoscar Hernandez,R,0,0,2,1
2025-04-22,Tommy Edman,L,2,0,3,3
2025-04-22,Tommy Edman,R,0,0,2,1
2025-04-22,Will Smith,L,1,1,2,1
2025-04-22,Will Smith,R,1,0,2,1
2025-04-23,Andy Pages,L,1,0,3,1
2025-04-23,Andy Pages,R,0,0,1,0
2025-04-23,Freddie Freeman,L,0,0,3,0
2025-04-23,Freddie Freeman,R,0,0,1,0
2025-04-23,Max Muncy,R,0,0,1,0
2025-04-23,Michael Conforto,L,1,1,2,0
2025-04-23,Michael Conforto,R,0,0,1,0
2025-04-23,Miguel Rojas,L,1,0,3,0
2025-04-23,Mookie Betts,L,2,0,3,1
2025-04-23,Mookie Betts,R,1,0,2,0
2025-04-23,Shohei Ohtani,L,1,0,4,0
2025-04-23,Shohei Ohtani,R,0,0,1,0
2025-04-23,Teoscar Hernandez,L,2,0,3,4
2025-04-23,Teoscar Hernandez,R,0,0,1,0
2025-04-23,Tommy Edman,L,0,0,3,0
2025-04-23,Tommy Edman,R,0,0,1,0
2025-04-25,Andy Pages,R,3,0,3,0
2025-04-25,Freddie Freeman,R,2,0,4,0
2025-04-25,Max Muncy,L,0,0,1,0
2025-04-25,Max Muncy,R,0,0,2,0
2025-04-25,Michael Conforto,L,0,0,1,0
2025-04-25,Michael Conforto,R,0,0,3,0
2025-04-25,Mookie Betts,R,0,0,4,0
2025-04-25,Shohei Ohtani,R,0,0,4,0
2025-04-25,Teoscar Hernandez,R,1,0,4,0
2025-04-25,Tommy Edman,R,0,1,3,0
2025-04-25,Will Smith,R,0,0,4,0
2025-04-26,Andy Pages,L,2,0,2,0
2025-04-26,Andy Pages,R,1,0,2,0
2025-04-26,Enrique Hernandez,L,1,0,1,3
2025-04-26,Freddie Freeman,L,0,1,1,0
2025-04-26,Freddie Freeman,R,1,0,3,1
2025-04-26,Max Muncy,L,0,1,1,0
2025-04-26,Max Muncy,R,0,1,1,0
2025-04-26,Michael Conforto,R,0,0,3,0
2025-04-26,Mookie Betts,L,0,1,1,0
2025-04-26,Mookie Betts,R,0,0,3,0
2025-04-26,Shohei Ohtani,L,1,0,2,1
2025-04-26,Shohei Ohtani,R,2,0,3,0
2025-04-26,Teoscar Hernandez,R,2,0,5,2
2025-04-26,Tommy Edman,R,1,0,4,1
2025-04-26,Will Smith,R,0,1,3,0
2025-04-27,Andy Pages,L,2,0,2,1
2025-04-27,Andy Pages,R,2,0,3,3
2025-04-27,Enrique Hernandez,L,0,1,1,0
2025-04-27,Enrique Hernandez,R,1,0,2,0
2025-04-27,Freddie Freeman,L,2,0,3,2
2025-04-27,Freddie Freeman,R,0,0,1,0
2025-04-27,Max Muncy,L,1,0,2,0
2025-04-27,Max Muncy,R,0,1,1,0
2025-04-27,Miguel Rojas,R,1,0,1,0
2025-04-27,Mookie Betts,L,1,0,3,1
2025-04-27,Mookie Betts,R,0,0,2,0
2025-04-27,Shohei Ohtani,L,1,1,2,0
2025-04-27,Shohei Ohtani,R,1,0,2,0
2025-04-27,Teoscar Hernandez,L,1,0,3,1
2025-04-27,Tommy Edman,L,0,0,3,1
2025-04-27,Tommy Edman,R,0,1,1,0
2025-04-28,Andy Pages,R,1,1,4,0
2025-04-28,Enrique Hernandez,R,0,0,1,0
2025-04-28,Freddie Freeman,L,0,0,1,0
2025-04-28,Freddie Freeman,R,1,2,2,1
2025-04-28,Max Muncy,R,2,0,4,0
2025-04-28,Michael Conforto,R,0,0,5,0
2025-04-28,Miguel Rojas,R,3,0,3,1
2025-04-28,Mookie Betts,L,0,0,1,0
2025-04-28,Mookie Betts,R,1,0,4,1
2025-04-28,Shohei Ohtani,L,0,1,0,0
2025-04-28,Shohei Ohtani,R,1,2,2,0
2025-04-28,Teoscar Hernandez,R,1,0,5,2
2025-04-28,Tommy Edman,R,1,0,2,2
2025-04-28,Will Smith,R,1,1,4,0
2025-04-29,Andy Pages,R,3,0,5,2
2025-04-29,Enrique Hernandez,R,1,1,1,0
2025-04-29,Freddie Freeman,R,2,2,2,0
2025-04-29,Max Muncy,R,0,1,4,0
2025-04-29,Michael Conforto,R,0,1,4,0
2025-04-29,Miguel Rojas,R,1,0,2,1
2025-04-29,Mookie Betts,R,2,0,4,2
2025-04-29,Shohei Ohtani,R,1,1,4,1
2025-04-29,Teoscar Hernandez,R,4,0,6,4
2025-04-29,Tommy Edman,R,1,1,3,3
2025-04-29,Will Smith,R,2,1,5,2
2025-04-30,Andy Pages,R,1,1,4,1
2025-04-30,Enrique Hernandez,R,2,0,5,2
2025-04-30,Freddie Freeman,L,0,0,1,0
2025-04-30,Freddie Freeman,R,2,0,3,2
2025-04-30,Max Muncy,R,2,1,4,1
2025-04-30,Michael Conforto,R,0,2,3,0
2025-04-30,Miguel Rojas,R,1,0,1,0
2025-04-30,Mookie Betts,L,0,0,1,0
2025-04-30,Mookie Betts,R,2,0,3,4
2025-04-30,Shohei Ohtani,L,0,0,1,0
2025-04-30,Shohei Ohtani,R,1,1,3,0
2025-04-30,Teoscar Hernandez,R,3,0,5,1
2025-05-02,Andy Pages,L,0,0,1,0
2025-05-02,Andy Pages,R,0,0,2,0
2025-05-02,Freddie Freeman,R,1,1,3,0
2025-05-02,Max Muncy,L,0,0,1,0
2025-05-02,Max Muncy,R,0,0,2,0
2025-05-02,Michael Conforto,R,0,1,2,0
2025-05-02,Miguel Rojas,R,0,0,3,0
2025-05-02,Mookie Betts,R,2,0,4,1
2025-05-02,Shohei Ohtani,R,0,0,4,0
2025-05-02,Teoscar Hernandez,R,0,1,3,0
2025-05-02,Will Smith,R,1,0,4,1
2025-05-03,Andy Pages,L,0,0,1,0
2025-05-03,Andy Pages,R,0,0,4,0
2025-05-03,Freddie Freeman,L,1,0,1,0
2025-05-03,Freddie Freeman,R,2,0,4,4
2025-05-03,Max Muncy,L,0,0,1,0
2025-05-03,Max Muncy,R,0,2,1,0
2025-05-03,Michael Conforto,L,0,0,1,0
2025-05-03,Michael Conforto,R,0,0,4,1
2025-05-03,Mookie Betts,L,0,0,1,0
2025-05-03,Mookie Betts,R,2,1,3,1
2025-05-03,Shohei Ohtani,L,0,0,1,0
2025-05-03,Shohei Ohtani,R,3,1,3,1
2025-05-03,Teoscar Hernandez,L,1,0,1,1
2025-05-03,Teoscar Hernandez,R,1,0,4,1
2025-05-03,Will Smith,L,1,0,1,1
2025-05-03,Will Smith,R,1,0,4,0
2025-05-04,Andy Pages,R,1,0,4,0
2025-05-04,Enrique Hernandez,R,0,0,3,0
2025-05-04,Freddie Freeman,R,1,0,4,0
2025-05-04,Max Muncy,R,1,0,4,2
2025-05-04,Michael Conforto,R,0,0,2,0
2025-05-04,Miguel Rojas,L,1,0,1,1
2025-05-04,Miguel Rojas,R,0,0,1,0
2025-05-04,Mookie Betts,R,0,1,3,0
2025-05-04,Shohei Ohtani,L,1,0,1,0
2025-05-04,Shohei Ohtani,R,0,1,2,0
2025-05-04,Teoscar Hernandez,R,1,0,4,0
2025-05-04,Will Smith,R,0,0,1,0
2025-05-05,Andy Pages,R,2,0,4,0
2025-05-05,Freddie Freeman,R,2,0,5,2
2025-05-05,Hyeseong Kim,R,2,0,4,1
2025-05-05,Max Muncy,R,0,0,4,0
2025-05-05,Michael Conforto,R,1,0,4,0
2025-05-05,Mookie Betts,R,2,0,5,0
2025-05-05,Shohei Ohtani,R,1,1,4,2
2025-05-05,Teoscar Hernandez,R,2,0,2,1
2025-05-05,Will Smith,R,0,0,4,0
2025-05-06,Andy Pages,L,0,0,1,0
2025-05-06,Andy Pages,R,1,0,4,0
2025-05-06,Freddie Freeman,L,1,0,1,1
2025-05-06,Freddie Freeman,R,1,0,3,1
2025-05-06,Hyeseong Kim,R,1,0,4,0
2025-05-06,Max Muncy,L,0,1,0,0
2025-05-06,Max Muncy,R,0,1,2,0
2025-05-06,Michael Conforto,L,0,0,1,0
2025-05-06,Michael Conforto,R,0,1,2,0
2025-05-06,Miguel Rojas,R,0,0,3,0
2025-05-06,Mookie Betts,R,0,0,1,0
2025-05-06,Shohei Ohtani,L,1,0,1,1
2025-05-06,Shohei Ohtani,R,1,0,4,1
2025-05-06,Will Smith,L,1,0,1,0
2025-05-06,Will Smith,R,1,0,4,0
2025-05-07,Andy Pages,L,0,0,1,0
2025-05-07,Andy Pages,R,2,0,4,1
2025-05-07,Enrique Hernandez,R,2,0,5,0
2025-05-07,Freddie Freeman,L,1,0,1,1
2025-05-07,Freddie Freeman,R,2,0,3,3
2025-05-07,Hyeseong Kim,R,2,0,4,1
2025-05-07,Max Muncy,L,0,0,1,0
2025-05-07,Max Muncy,R,1,0,4,0
2025-05-07,Michael Conforto,R,0,0,2,0
2025-05-07,Mookie Betts,L,0,1,0,0
2025-05-07,Mookie Betts,R,0,1,3,1
2025-05-07,Shohei Ohtani,L,1,0,1,0
2025-05-07,Shohei Ohtani,R,0,2,1,0
2025-05-08,Andy Pages,R,1,0,4,1
2025-05-08,Enrique Hernandez,L,0,0,1,0
2025-05-08,Enrique Hernandez,R,0,0,1,0
2025-05-08,Freddie Freeman,R,1,1,3,0
2025-05-08,Hyeseong Kim,R,0,0,4,0
2025-05-08,Max Muncy,R,2,0,4,1
2025-05-08,Michael Conforto,R,0,1,3,0
2025-05-08,Mookie Betts,R,2,0,5,0
2025-05-08,Shohei Ohtani,L,0,0,1,0
2025-05-08,Shohei Ohtani,R,1,0,4,1
2025-05-08,Will Smith,R,2,1,3,0
2025-05-09,Andy Pages,L,1,0,2,2
2025-05-09,Andy Pages,R,1,0,3,1
2025-05-09,Enrique Hernandez,L,2,0,2,1
2025-05-09,Enrique Hernandez,R,1,0,3,1
2025-05-09,Freddie Freeman,L,1,0,2,1
2025-05-09,Freddie Freeman,R,1,0,3,0
2025-05-09,Max Muncy,L,0,0,1,0
2025-05-09,Max Muncy,R,1,0,1,1
2025-05-09,Michael Conforto,R,0,0,1,0
2025-05-09,Miguel Rojas,L,1,1,1,0
2025-05-09,Miguel Rojas,R,0,0,1,0
2025-05-09,Mookie Betts,L,1,0,3,1
2025-05-09,Mookie Betts,R,1,0,3,0
2025-05-09,Shohei Ohtani,L,2,0,3,1
2025-05-09,Shohei Ohtani,R,1,0,3,3
2025-05-09,Will Smith,L,0,2,1,0
2025-05-09,Will Smith,R,0,1,2,0
2025-05-10,Andy Pages,R,1,0,4,0
2025-05-10,Enrique Hernandez,R,0,0,3,0
2025-05-10,Freddie Freeman,R,0,0,4,0
2025-05-10,Hyeseong Kim,R,1,0,3,0
2025-05-10,Max Muncy,R,1,1,3,0
2025-05-10,Michael Conforto,R,1,0,3,0
2025-05-10,Mookie Betts,R,0,0,4,0
2025-05-10,Shohei Ohtani,R,1,0,3,0
2025-05-10,Will Smith,R,0,0,1,0
2025-05-11,Andy Pages,L,1,0,2,1
2025-05-11,Andy Pages,R,1,0,3,0
2025-05-11,Enrique Hernandez,L,1,0,2,0
2025-05-11,Freddie Freeman,L,2,0,2,1
2025-05-11,Freddie Freeman,R,2,0,3,2
2025-05-11,Hyeseong Kim,R,1,0,3,0
2025-05-11,Max Muncy,L,0,0,2,0
2025-05-11,Max Muncy,R,0,1,2,0
2025-05-11,Michael Conforto,R,2,0,3,0
2025-05-11,Miguel Rojas,L,1,0,2,0
2025-05-11,Mookie Betts,L,1,0,2,1
2025-05-11,Mookie Betts,R,2,0,3,0
2025-05-11,Shohei Ohtani,L,1,0,2,1
2025-05-11,Shohei Ohtani,R,1,0,3,0
2025-05-11,Will Smith,L,1,0,2,1
2025-05-11,Will Smith,R,1,1,2,1
2025-05-13,Andy Pages,L,0,0,3,0
2025-05-13,Andy Pages,R,0,0,1,0
2025-05-13,Enrique Hernandez,L,0,0,3,0
2025-05-13,Enrique Hernandez,R,1,0,1,0
2025-05-13,Freddie Freeman,L,0,1,2,0
2025-05-13,Freddie Freeman,R,0,0,1,0
2025-05-13,Hyeseong Kim,R,0,0,1,0
2025-05-13,Michael Conforto,L,3,0,3,0
2025-05-13,Michael Conforto,R,0,0,1,0
2025-05-13,Miguel Rojas,L,0,0,3,0
2025-05-13,Miguel Rojas,R,0,0,1,0
2025-05-13,Mookie Betts,L,0,0,3,1
2025-05-13,Shohei Ohtani,L,0,1,3,0
2025-05-13,Will Smith,L,2,0,3,0
2025-05-13,Will Smith,R,1,0,1,0
2025-05-14,Andy Pages,R,3,1,4,1
2025-05-14,Enrique Hernandez,L,0,0,1,0
2025-05-14,Enrique Hernandez,R,1,0,1,0
2025-05-14,Freddie Freeman,R,1,1,4,0
2025-05-14,Hyeseong Kim,R,2,0,2,1
2025-05-14,Max Muncy,R,1,0,5,3
2025-05-14,Michael Conforto,R,1,0,4,0
2025-05-14,Miguel Rojas,L,1,0,1,1
2025-05-14,Miguel Rojas,R,0,0,1,0
2025-05-14,Mookie Betts,R,1,0,5,2
2025-05-14,Shohei Ohtani,L,1,0,1,0
2025-05-14,Shohei Ohtani,R,1,0,3,1
2025-05-14,Will Smith,R,0,3,2,0
2025-05-15,Andy Pages,R,1,0,3,3
2025-05-15,Dalton Rushing,R,2,1,4,0
2025-05-15,Enrique Hernandez,R,0,1,2,0
2025-05-15,Freddie Freeman,R,2,0,3,1
2025-05-15,Hyeseong Kim,R,3,2,3,2
2025-05-15,Max Muncy,R,3,1,5,4
2025-05-15,Michael Conforto,R,1,0,5,0
2025-05-15,Miguel Rojas,R,1,0,3,1
2025-05-15,Mookie Betts,R,1,2,1,1
2025-05-15,Shohei Ohtani,R,2,0,6,6
2025-05-16,Andy Pages,R,0,0,4,0
2025-05-16,Freddie Freeman,R,0,0,4,0
2025-05-16,Hyeseong Kim,R,2,0,3,0
2025-05-16,Max Muncy,R,1,2,2,1
2025-05-16,Michael Conforto,R,0,1,3,0
2025-05-16,Mookie Betts,R,0,1,3,0
2025-05-16,Shohei Ohtani,R,2,1,3,1
2025-05-16,Will Smith,R,2,0,4,0
2025-05-17,Andy Pages,L,1,0,4,3
2025-05-17,Andy Pages,R,1,0,1,0
2025-05-17,Dalton Rushing,L,1,0,3,1
2025-05-17,Dalton Rushing,R,1,0,2,1
2025-05-17,Enrique Hernandez,L,2,1,2,1
2025-05-17,Enrique Hernandez,R,0,2,0,0
2025-05-17,Freddie Freeman,L,3,0,4,0
2025-05-17,Freddie Freeman,R,1,0,1,0
2025-05-17,Max Muncy,L,0,0,4,0
2025-05-17,Max Muncy,R,1,0,1,1
2025-05-17,Michael Conforto,L,1,0,2,0
2025-05-17,Michael Conforto,R,0,1,1,0
2025-05-17,Miguel Rojas,L,1,0,4,0
2025-05-17,Mookie Betts,L,1,1,3,0
2025-05-17,Mookie Betts,R,0,0,2,0
2025-05-17,Shohei Ohtani,L,0,0,4,1
2025-05-17,Shohei Ohtani,R,0,0,2,0
2025-05-17,Will Smith,R,1,0,1,0
2025-05-18,Andy Pages,L,0,0,3,0
2025-05-18,Andy Pages,R,0,0,1,0
2025-05-18,Dalton Rushing,R,0,0,1,0
2025-05-18,Enrique Hernandez,L,0,1,2,0
2025-05-18,Freddie Freeman,L,1,0,3,0
2025-05-18,Freddie Freeman,R,0,0,1,0
2025-05-18,Max Muncy,R,0,0,1,0
2025-05-18,Michael Conforto,L,0,0,2,0
2025-05-18,Michael Conforto,R,0,0,1,0
2025-05-18,Miguel Rojas,L,0,0,3,0
2025-05-18,Mookie Betts,L,0,1,2,0
2025-05-18,Mookie Betts,R,0,0,1,0
2025-05-18,Shohei Ohtani,L,3,0,4,1
2025-05-18,Shohei Ohtani,R,0,0,1,0
2025-05-18,Tommy Edman,L,0,0,3,0
2025-05-18,Tommy Edman,R,0,0,1,0
2025-05-18,Will Smith,L,0,2,1,0
2025-05-18,Will Smith,R,1,0,1,3
2025-05-19,Freddie Freeman,R,1,0,4,0
2025-05-19,Hyeseong Kim,R,0,0,4,0
2025-05-19,Max Muncy,R,0,0,3,0
2025-05-19,Michael Conforto,R,0,1,3,0
2025-05-19,Mookie Betts,R,2,0,4,2
2025-05-19,Shohei Ohtani,R,1,0,4,1
2025-05-19,Teoscar Hernandez,R,0,0,4,1
2025-05-19,Tommy Edman,R,1,0,4,1
2025-05-19,Will Smith,R,1,1,3,0
2025-05-20,Andy Pages,R,0,0,4,0
2025-05-20,Enrique Hernandez,R,0,0,4,0
2025-05-20,Freddie Freeman,L,0,0,1,0
2025-05-20,Freddie Freeman,R,2,0,3,0
2025-05-20,Hyeseong Kim,R,0,0,2,0
2025-05-20,Max Muncy,R,1,1,4,1
2025-05-20,Michael Conforto,R,0,0,3,0
2025-05-20,Mookie Betts,L,0,0,1,0
2025-05-20,Mookie Betts,R,1,0,4,0
2025-05-20,Shohei Ohtani,L,1,0,1,0
2025-05-20,Shohei Ohtani,R,0,0,3,0
2025-05-20,Teoscar Hernandez,R,0,1,0,0
2025-05-20,Tommy Edman,L,0,0,1,0
2025-05-20,Tommy Edman,R,1,0,1,1
2025-05-20,Will Smith,R,1,1,3,2
2025-05-21,Andy Pages,R,0,0,3,0
2025-05-21,Dalton Rushing,R,0,0,3,0
2025-05-21,Freddie Freeman,L,0,0,1,0
2025-05-21,Freddie Freeman,R,1,0,3,0
2025-05-21,Max Muncy,R,0,1,2,0
2025-05-21,Miguel Rojas,L,0,0,1,0
2025-05-21,Miguel Rojas,R,1,0,2,0
2025-05-21,Mookie Betts,L,1,0,1,0
2025-05-21,Mookie Betts,R,1,0,3,0
2025-05-21,Shohei Ohtani,L,0,0,1,0
2025-05-21,Shohei Ohtani,R,0,0,3,0
2025-05-21,Teoscar Hernandez,R,1,0,3,3
2025-05-21,Tommy Edman,R,0,0,3,0
2025-05-23,Andy Pages,L,0,0,1,0
2025-05-23,Andy Pages,R,1,0,5,2
2025-05-23,Enrique Hernandez,R,1,0,2,0
2025-05-23,Freddie Freeman,L,0,0,1,0
2025-05-23,Freddie Freeman,R,0,1,2,0
2025-05-23,Hyeseong Kim,R,1,0,1,0
2025-05-23,Max Muncy,L,0,0,1,0
2025-05-23,Max Muncy,R,1,1,3,1
2025-05-23,Michael Conforto,L,0,0,2,0
2025-05-23,Michael Conforto,R,1,0,2,0
2025-05-23,Mookie Betts,L,0,0,2,0
2025-05-23,Mookie Betts,R,0,1,3,0
2025-05-23,Shohei Ohtani,L,1,0,2,0
2025-05-23,Shohei Ohtani,R,0,1,3,0
2025-05-23,Teoscar Hernandez,R,2,0,5,3
2025-05-23,Tommy Edman,L,0,0,2,0
2025-05-23,Tommy Edman,R,1,0,4,0
2025-05-23,Will Smith,R,1,2,5,1
2025-05-24,Andy Pages,L,2,0,3,0
2025-05-24,Andy Pages,R,0,0,1,0
2025-05-24,Dalton Rushing,L,0,0,3,1
2025-05-24,Enrique Hernandez,L,1,0,3,1
2025-05-24,Freddie Freeman,L,0,0,3,0
2025-05-24,Freddie Freeman,R,0,0,1,0
2025-05-24,Miguel Rojas,L,0,1,2,0
2025-05-24,Mookie Betts,L,1,0,3,0
2025-05-24,Mookie Betts,R,0,0,1,0
2025-05-24,Shohei Ohtani,L,0,0,4,0
2025-05-24,Teoscar Hernandez,L,1,0,3,0
2025-05-24,Teoscar Hernandez,R,0,0,1,0
2025-05-24,Tommy Edman,L,0,1,1,0
2025-05-25,Andy Pages,R,0,0,4,0
2025-05-25,Freddie Freeman,R,2,1,3,0
2025-05-25,Max Muncy,R,1,2,2,0
2025-05-25,Michael Conforto,R,0,1,3,0
2025-05-25,Mookie Betts,R,1,0,4,0
2025-05-25,Shohei Ohtani,R,1,0,4,1
2025-05-25,Teoscar Hernandez,R,1,0,4,0
2025-05-25,Tommy Edman,R,0,0,3,0
2025-05-25,Will Smith,R,0,0,4,0
2025-05-26,Andy Pages,L,0,0,1,0
2025-05-26,Andy Pages,R,1,1,2,1
2025-05-26,Enrique Hernandez,L,0,0,1,0
2025-05-26,Freddie Freeman,L,0,0,1,0
2025-05-26,Freddie Freeman,R,2,1,3,1
2025-05-26,Hyeseong Kim,R,0,0,3,0
2025-05-26,Max Muncy,L,0,0,2,0
2025-05-26,Max Muncy,R,0,0,3,1
2025-05-26,Michael Conforto,R,0,2,1,0
2025-05-26,Miguel Rojas,L,0,0,1,0
2025-05-26,Mookie Betts,L,0,0,1,0
2025-05-26,Mookie Betts,R,1,0,4,1
2025-05-26,Shohei Ohtani,L,0,0,1,0
2025-05-26,Shohei Ohtani,R,1,2,2,1
2025-05-26,Teoscar Hernandez,L,0,0,1,0
2025-05-26,Teoscar Hernandez,R,1,0,4,1
2025-05-26,Will Smith,L,2,0,2,1
2025-05-26,Will Smith,R,0,2,1,0
2025-05-27,Andy Pages,R,2,0,5,2
2025-05-27,Dalton Rushing,R,1,0,4,1
2025-05-27,Freddie Freeman,L,0,0,1,0
2025-05-27,Freddie Freeman,R,1,0,4,0
2025-05-27,Max Muncy,R,2,1,4,3
2025-05-27,Michael Conforto,R,2,1,3,1
2025-05-27,Mookie Betts,L,0,0,1,0
2025-05-27,Mookie Betts,R,1,1,3,0
2025-05-27,Shohei Ohtani,L,0,0,1,0
2025-05-27,Shohei Ohtani,R,1,1,2,2
2025-05-27,Teoscar Hernandez,R,2,0,5,0
2025-05-27,Tommy Edman,R,1,0,4,0
2025-05-28,Andy Pages,L,1,0,2,1
2025-05-28,Andy Pages,R,0,0,2,0
2025-05-28,Enrique Hernandez,L,0,0,1,0
2025-05-28,Enrique Hernandez,R,1,0,3,0
2025-05-28,Freddie Freeman,L,0,0,2,0
2025-05-28,Freddie Freeman,R,2,0,2,1
2025-05-28,Max Muncy,L,0,0,1,0
2025-05-28,Miguel Rojas,L,0,0,1,0
2025-05-28,Miguel Rojas,R,0,0,1,0
2025-05-28,Mookie Betts,L,0,0,3,0
2025-05-28,Mookie Betts,R,0,1,0,0
2025-05-28,Shohei Ohtani,L,0,1,2,0
2025-05-28,Shohei Ohtani,R,0,0,1,0
2025-05-28,Teoscar Hernandez,L,1,0,2,0
2025-05-28,Teoscar Hernandez,R,0,0,2,0
2025-05-28,Tommy Edman,L,0,0,2,0
2025-05-28,Tommy Edman,R,0,0,2,0
2025-05-28,Will Smith,L,2,0,2,1
2025-05-28,Will Smith,R,0,0,2,0
2025-05-30,Andy Pages,L,0,0,2,0
2025-05-30,Andy Pages,R,2,0,2,3
2025-05-30,Enrique Hernandez,L,0,0,2,1
2025-05-30,Freddie Freeman,L,2,0,3,1
2025-05-30,Freddie Freeman,R,1,0,1,0
2025-05-30,Max Muncy,L,0,0,1,0
2025-05-30,Michael Conforto,L,1,1,3,1
2025-05-30,Miguel Rojas,L,0,0,4,0
2025-05-30,Shohei Ohtani,L,2,0,5,2
2025-05-30,Teoscar Hernandez,L,1,0,3,0
2025-05-30,Teoscar Hernandez,R,0,0,1,0
2025-05-30,Tommy Edman,L,1,0,2,0
2025-05-30,Tommy Edman,R,0,0,2,0
2025-05-30,Will Smith,L,1,0,3,0
2025-05-30,Will Smith,R,1,0,1,0
2025-05-31,Andy Pages,L,0,0,1,0
2025-05-31,Andy Pages,R,1,2,3,1
2025-05-31,Dalton Rushing,R,1,0,2,3
2025-05-31,Enrique Hernandez,R,2,0,2,0
2025-05-31,Freddie Freeman,R,2,1,3,1
2025-05-31,Hyeseong Kim,L,1,0,1,2
2025-05-31,Hyeseong Kim,R,3,1,3,0
2025-05-31,Max Muncy,R,3,0,6,7
2025-05-31,Michael Conforto,L,0,1,0,0
2025-05-31,Michael Conforto,R,0,1,3,1
2025-05-31,Miguel Rojas,R,0,0,2,0
2025-05-31,Shohei Ohtani,L,0,0,1,0
2025-05-31,Shohei Ohtani,R,2,0,3,0
2025-05-31,Teoscar Hernandez,R,0,1,3,0
2025-05-31,Tommy Edman,L,1,0,1,1
2025-05-31,Tommy Edman,R,3,0,4,1
2025-05-31,Will Smith,R,2,0,6,1
2025-06-01,Andy Pages,L,1,0,3,0
2025-06-01,Andy Pages,R,1,0,1,1
2025-06-01,Enrique Hernandez,L,1,0,2,0
2025-06-01,Enrique Hernandez,R,0,0,1,0
2025-06-01,Freddie Freeman,L,0,0,4,0
2025-06-01,Hyeseong Kim,R,0,0,1,0
2025-06-01,Max Muncy,L,1,0,2,0
2025-06-01,Max Muncy,R,1,0,1,1
2025-06-01,Miguel Rojas,L,0,0,2,0
2025-06-01,Shohei Ohtani,L,0,0,3,0
2025-06-01,Shohei Ohtani,R,0,0,1,0
2025-06-01,Teoscar Hernandez,L,0,0,3,0
2025-06-01,Teoscar Hernandez,R,0,0,1,0
2025-06-01,Tommy Edman,L,1,0,2,1
2025-06-01,Tommy Edman,R,0,0,1,0
2025-06-01,Will Smith,L,0,0,3,0
2025-06-01,Will Smith,R,0,0,1,0
2025-06-02,Andy Pages,L,1,0,1,1
2025-06-02,Andy Pages,R,1,0,4,0
2025-06-02,Dalton Rushing,R,0,0,4,0
2025-06-02,Freddie Freeman,L,0,1,0,0
2025-06-02,Freddie Freeman,R,2,0,4,0
2025-06-02,Hyeseong Kim,R,2,0,4,0
2025-06-02,Max Muncy,L,0,0,1,0
2025-06-02,Max Muncy,R,0,2,2,0
2025-06-02,Michael Conforto,R,0,1,3,0
2025-06-02,Shohei Ohtani,R,1,0,5,2
2025-06-02,Teoscar Hernandez,R,1,0,5,0
2025-06-02,Tommy Edman,R,1,0,5,0
2025-06-02,Will Smith,R,0,0,1,0
2025-06-03,Andy Pages,L,0,0,1,0
2025-06-03,Andy Pages,R,1,0,3,0
2025-06-03,Enrique Hernandez,L,0,1,0,0
2025-06-03,Enrique Hernandez,R,0,0,1,0
2025-06-03,Freddie Freeman,R,2,0,5,2
2025-06-03,Hyeseong Kim,R,0,0,2,0
2025-06-03,Max Muncy,L,0,0,1,0
2025-06-03,Max Muncy,R,2,0,3,3
2025-06-03,Michael Conforto,R,0,0,2,0
2025-06-03,Mookie Betts,R,2,0,5,0
2025-06-03,Shohei Ohtani,R,0,1,3,0
2025-06-03,Teoscar Hernandez,R,0,1,3,0
2025-06-03,Tommy Edman,L,0,0,1,0
2025-06-03,Tommy Edman,R,0,0,1,0
2025-06-03,Will Smith,R,0,0,4,1
2025-06-04,Andy Pages,L,1,0,1,0
2025-06-04,Andy Pages,R,2,0,3,1
2025-06-04,Dalton Rushing,L,0,0,1,0
2025-06-04,Dalton Rushing,R,1,0,3,0
2025-06-04,Enrique Hernandez,L,0,0,1,0
2025-06-04,Enrique Hernandez,R,0,0,2,0
2025-06-04,Freddie Freeman,R,0,0,3,0
2025-06-04,Max Muncy,L,0,0,1,0
2025-06-04,Max Muncy,R,0,1,2,0
2025-06-04,Michael Conforto,L,0,0,0,0
2025-06-04,Michael Conforto,R,0,0,3,0
2025-06-04,Miguel Rojas,L,0,0,1,0
2025-06-04,Mookie Betts,L,0,0,1,0
2025-06-04,Mookie Betts,R,0,0,3,0
2025-06-04,Shohei Ohtani,L,1,0,1,0
2025-06-04,Shohei Ohtani,R,1,0,3,0
2025-06-04,Teoscar Hernandez,L,0,0,1,0
2025-06-04,Teoscar Hernandez,R,0,0,3,0
2025-06-05,Andy Pages,L,1,0,3,0
2025-06-05,Andy Pages,R,0,0,1,1
2025-06-05,Enrique Hernandez,L,0,0,3,0
2025-06-05,Michael Conforto,L,0,0,3,0
2025-06-05,Michael Conforto,R,1,0,1,1
2025-06-05,Miguel Rojas,L,0,1,3,0
2025-06-05,Mookie Betts,L,2,1,2,1
2025-06-05,Mookie Betts,R,0,1,0,0
2025-06-05,Shohei Ohtani,L,2,0,4,0
2025-06-05,Teoscar Hernandez,L,0,0,3,1
2025-06-05,Teoscar Hernandez,R,0,0,1,0
2025-06-05,Tommy Edman,L,1,0,3,0
2025-06-05,Tommy Edman,R,0,0,1,0
2025-06-05,Will Smith,L,1,0,3,1
2025-06-05,Will Smith,R,1,0,1,1
2025-06-06,Andy Pages,R,2,0,4,0
2025-06-06,Dalton Rushing,R,0,0,3,0
2025-06-06,Enrique Hernandez,L,0,0,1,0
2025-06-06,Freddie Freeman,L,1,0,1,0
2025-06-06,Freddie Freeman,R,0,0,3,0
2025-06-06,Max Muncy,R,0,0,4,0
2025-06-06,Michael Conforto,R,1,0,3,0
2025-06-06,Miguel Rojas,L,0,0,1,0
2025-06-06,Mookie Betts,L,1,0,1,0
2025-06-06,Mookie Betts,R,2,0,3,0
2025-06-06,Shohei Ohtani,L,0,0,1,0
2025-06-06,Shohei Ohtani,R,1,0,3,0
2025-06-06,Teoscar Hernandez,R,1,0,4,0
2025-06-06,Tommy Edman,L,0,0,1,0
2025-06-06,Tommy Edman,R,1,0,3,0
2025-06-07,Andy Pages,R,0,0,4,0
2025-06-07,Enrique Hernandez,L,0,0,1,0
2025-06-07,Enrique Hernandez,R,1,0,1,0
2025-06-07,Freddie Freeman,L,0,0,1,0
2025-06-07,Freddie Freeman,R,0,1,3,1
2025-06-07,Hyeseong Kim,L,1,0,1,0
2025-06-07,Hyeseong Kim,R,1,0,3,0
2025-06-07,Max Muncy,R,2,2,2,0
2025-06-07,Michael Conforto,R,0,0,2,0
2025-06-07,Mookie Betts,L,1,0,1,0
2025-06-07,Mookie Betts,R,2,0,4,0
2025-06-07,Shohei Ohtani,L,0,0,1,0
2025-06-07,Shohei Ohtani,R,1,1,3,0
2025-06-07,Tommy Edman,L,0,0,1,0
2025-06-07,Tommy Edman,R,0,0,3,0
2025-06-07,Will Smith,R,0,1,4,0
2025-06-08,Enrique Hernandez,L,0,0,1,0
2025-06-08,Enrique Hernandez,R,0,1,0,1
2025-06-08,Freddie Freeman,L,0,0,1,0
2025-06-08,Freddie Freeman,R,0,0,4,0
2025-06-08,Hyeseong Kim,R,1,0,2,2
2025-06-08,Max Muncy,R,2,1,4,0
2025-06-08,Michael Conforto,R,1,0,3,0
2025-06-08,Mookie Betts,L,1,0,1,1
2025-06-08,Mookie Betts,R,0,0,4,0
2025-06-08,Shohei Ohtani,L,0,0,1,0
2025-06-08,Shohei Ohtani,R,1,0,3,0
2025-06-08,Teoscar Hernandez,R,0,1,4,0
2025-06-08,Tommy Edman,R,2,0,4,3
2025-06-08,Will Smith,R,2,0,5,0
2025-06-09,Andy Pages,L,1,0,2,1
2025-06-09,Andy Pages,R,1,0,3,0
2025-06-09,Enrique Hernandez,L,0,0,2,0
2025-06-09,Freddie Freeman,L,0,0,1,0
2025-06-09,Freddie Freeman,R,3,0,4,1
2025-06-09,Hyeseong Kim,L,1,0,1,1
2025-06-09,Hyeseong Kim,R,0,0,2,0
2025-06-09,Max Muncy,L,1,0,1,0
2025-06-09,Max Muncy,R,0,1,3,0
2025-06-09,Mookie Betts,L,0,0,1,0
2025-06-09,Mookie Betts,R,1,0,4,0
2025-06-09,Shohei Ohtani,L,0,0,3,0
2025-06-09,Shohei Ohtani,R,1,1,2,0
2025-06-09,Teoscar Hernandez,R,0,0,5,1
2025-06-09,Tommy Edman,L,1,0,2,1
2025-06-09,Tommy Edman,R,1,0,3,0
2025-06-09,Will Smith,R,1,0,5,3
2025-06-10,Andy Pages,R,0,0,4,0
2025-06-10,Dalton Rushing,R,0,1,3,0
2025-06-10,Enrique Hernandez,R,0,0,2,0
2025-06-10,Freddie Freeman,R,1,1,4,0
2025-06-10,Hyeseong Kim,R,0,1,1,0
2025-06-10,Max Muncy,R,0,1,3,0
2025-06-10,Michael Conforto,R,1,1,3,1
2025-06-10,Miguel Rojas,R,1,0,1,0
2025-06-10,Mookie Betts,R,0,1,2,0
2025-06-10,Shohei Ohtani,R,1,0,3,0
2025-06-10,Teoscar Hernandez,R,1,0,3,0
2025-06-10,Tommy Edman,R,1,1,3,0
2025-06-11,Andy Pages,R,1,0,4,0
2025-06-11,Enrique Hernandez,L,0,0,1,0
2025-06-11,Freddie Freeman,L,0,1,2,0
2025-06-11,Freddie Freeman,R,0,0,2,0
2025-06-11,Hyeseong Kim,L,0,0,1,0
2025-06-11,Hyeseong Kim,R,0,0,1,0
2025-06-11,Max Muncy,R,2,1,3,0
2025-06-11,Michael Conforto,R,1,0,4,1
2025-06-11,Mookie Betts,L,1,0,3,0
2025-06-11,Mookie Betts,R,0,0,2,0
2025-06-11,Shohei Ohtani,L,1,0,3,0
2025-06-11,Shohei Ohtani,R,0,0,2,0
2025-06-11,Teoscar Hernandez,R,1,0,5,3
2025-06-11,Will Smith,L,1,0,1,1
2025-06-11,Will Smith,R,1,1,3,0
2025-06-13,Andy Pages,R,0,0,3,1
2025-06-13,Freddie Freeman,R,0,0,4,0
2025-06-13,Max Muncy,R,0,0,3,0
2025-06-13,Michael Conforto,R,0,0,3,0
2025-06-13,Mookie Betts,R,0,2,2,0
2025-06-13,Shohei Ohtani,R,0,0,4,0
2025-06-13,Teoscar Hernandez,R,2,1,3,1
2025-06-13,Tommy Edman,R,0,0,3,0
2025-06-13,Will Smith,R,0,1,3,0
2025-06-14,Andy Pages,R,1,0,5,1
2025-06-14,Dalton Rushing,R,0,1,0,0
2025-06-14,Enrique Hernandez,R,0,0,1,0
2025-06-14,Freddie Freeman,R,0,2,2,0
2025-06-14,Hyeseong Kim,R,1,0,4,1
2025-06-14,Max Muncy,R,2,2,3,0
2025-06-14,Michael Conforto,R,1,1,4,1
2025-06-14,Miguel Rojas,R,1,0,1,1
2025-06-14,Mookie Betts,R,1,1,3,2
2025-06-14,Shohei Ohtani,R,2,1,3,2
2025-06-14,Teoscar Hernandez,R,1,1,3,2
2025-06-14,Will Smith,R,1,0,5,1
2025-06-15,Andy Pages,R,1,0,4,4
2025-06-15,Dalton Rushing,L,1,0,1,0
2025-06-15,Dalton Rushing,R,0,0,2,0
2025-06-15,Enrique Hernandez,R,0,0,4,0
2025-06-15,Freddie Freeman,L,0,0,2,0
2025-06-15,Freddie Freeman,R,1,0,2,0
2025-06-15,Max Muncy,R,0,0,1,0
2025-06-15,Miguel Rojas,R,0,0,2,0
2025-06-15,Mookie Betts,L,1,0,2,0
2025-06-15,Mookie Betts,R,0,0,2,0
2025-06-15,Shohei Ohtani,L,2,0,2,0
2025-06-15,Shohei Ohtani,R,1,1,1,0
2025-06-15,Teoscar Hernandez,R,0,1,3,0
2025-06-15,Tommy Edman,L,0,0,1,0
2025-06-15,Tommy Edman,R,1,0,2,1
2025-06-16,Andy Pages,R,1,0,3,0
2025-06-16,Freddie Freeman,L,1,0,1,0
2025-06-16,Freddie Freeman,R,0,0,3,0
2025-06-16,Max Muncy,R,1,1,3,2
2025-06-16,Michael Conforto,L,0,0,1,0
2025-06-16,Michael Conforto,R,0,0,3,0
2025-06-16,Mookie Betts,L,0,0,1,0
2025-06-16,Mookie Betts,R,1,0,4,1
2025-06-16,Shohei Ohtani,L,0,0,1,0
2025-06-16,Shohei Ohtani,R,2,1,3,2
2025-06-16,Teoscar Hernandez,R,1,0,4,0
2025-06-16,Tommy Edman,L,0,0,1,0
2025-06-16,Tommy Edman,R,1,0,3,1
2025-06-16,Will Smith,R,2,0,4,0
2025-06-17,Andy Pages,R,4,0,4,3
2025-06-17,Enrique Hernandez,L,0,0,1,0
2025-06-17,Enrique Hernandez,R,0,0,1,0
2025-06-17,Freddie Freeman,L,0,0,1,0
2025-06-17,Freddie Freeman,R,2,0,3,0
2025-06-17,Max Muncy,R,1,0,4,1
2025-06-17,Michael Conforto,R,0,0,2,0
2025-06-17,Mookie Betts,L,0,0,1,0
2025-06-17,Mookie Betts,R,0,0,3,0
2025-06-17,Shohei Ohtani,L,0,0,2,0
2025-06-17,Shohei Ohtani,R,0,0,2,0
2025-06-17,Teoscar Hernandez,R,1,0,4,0
2025-06-17,Tommy Edman,L,1,0,1,2
2025-06-17,Tommy Edman,R,0,1,2,0
2025-06-17,Will Smith,R,3,0,4,2
2025-06-18,Andy Pages,R,1,0,3,1
2025-06-18,Dalton Rushing,L,0,1,0,0
2025-06-18,Dalton Rushing,R,1,0,2,2
2025-06-18,Enrique Hernandez,L,0,0,1,0
2025-06-18,Freddie Freeman,R,1,0,4,0
2025-06-18,Hyeseong Kim,R,1,0,2,0
2025-06-18,Max Muncy,R,1,2,2,0
2025-06-18,Mookie Betts,R,0,1,3,0
2025-06-18,Shohei Ohtani,L,0,0,1,0
2025-06-18,Shohei Ohtani,R,0,0,3,0
2025-06-18,Teoscar Hernandez,R,0,0,4,0
2025-06-18,Tommy Edman,R,1,0,4,0
2025-06-18,Will Smith,R,1,0,1,1
2025-06-19,Andy Pages,R,0,0,4,0
2025-06-19,Dalton Rushing,L,0,0,1,0
2025-06-19,Dalton Rushing,R,0,0,1,0
2025-06-19,Enrique Hernandez,R,0,0,1,0
2025-06-19,Freddie Freeman,L,0,0,1,0
2025-06-19,Freddie Freeman,R,0,0,2,0
2025-06-19,Hyeseong Kim,R,1,0,4,1
2025-06-19,Max Muncy,R,0,1,3,0
2025-06-19,Miguel Rojas,L,0,1,0,0
2025-06-19,Miguel Rojas,R,1,0,1,0
2025-06-19,Mookie Betts,L,0,0,1,0
2025-06-19,Mookie Betts,R,0,0,2,0
2025-06-19,Shohei Ohtani,L,0,0,1,0
2025-06-19,Shohei Ohtani,R,1,0,3,0
2025-06-19,Teoscar Hernandez,R,1,1,3,0
2025-06-19,Tommy Edman,R,2,2,2,1
2025-06-19,Will Smith,L,0,0,1,0
2025-06-19,Will Smith,R,0,0,2,0
2025-06-20,Andy Pages,L,2,0,3,1
2025-06-20,Andy Pages,R,0,0,1,0
2025-06-20,Enrique Hernandez,L,1,1,2,0
2025-06-20,Enrique Hernandez,R,1,0,1,0
2025-06-20,Max Muncy,R,0,1,0,0
2025-06-20,Michael Conforto,L,0,0,3,0
2025-06-20,Michael Conforto,R,0,0,1,0
2025-06-20,Miguel Rojas,L,2,0,3,2
2025-06-20,Mookie Betts,L,0,0,3,1
2025-06-20,Mookie Betts,R,1,0,2,0
2025-06-20,Shohei Ohtani,L,1,2,1,1
2025-06-20,Shohei Ohtani,R,0,0,2,0
2025-06-20,Teoscar Hernandez,L,1,0,3,1
2025-06-20,Teoscar Hernandez,R,0,0,1,0
2025-06-20,Tommy Edman,L,0,0,3,0
2025-06-20,Tommy Edman,R,0,0,1,0
2025-06-20,Will Smith,L,0,1,2,0
2025-06-20,Will Smith,R,0,1,0,0
2025-06-21,Andy Pages,L,0,0,1,0
2025-06-21,Andy Pages,R,1,0,3,1
2025-06-21,Enrique Hernandez,L,0,0,1,0
2025-06-21,Enrique Hernandez,R,0,0,1,0
2025-06-21,Freddie Freeman,R,0,0,4,0
2025-06-21,Max Muncy,L,0,0,1,0
2025-06-21,Max Muncy,R,0,1,2,0
2025-06-21,Michael Conforto,R,0,0,2,0
2025-06-21,Mookie Betts,R,1,0,4,0
2025-06-21,Shohei Ohtani,L,0,0,1,0
2025-06-21,Shohei Ohtani,R,0,0,3,0
2025-06-21,Teoscar Hernandez,R,2,0,4,1
2025-06-21,Tommy Edman,L,0,0,1,0
2025-06-21,Tommy Edman,R,1,0,2,0
2025-06-21,Will Smith,R,2,0,4,1
2025-06-22,Andy Pages,L,1,0,1,0
2025-06-22,Andy Pages,R,0,0,3,0
2025-06-22,Dalton Rushing,R,2,2,2,0
2025-06-22,Freddie Freeman,R,1,0,4,0
2025-06-22,Hyeseong Kim,R,1,0,4,0
2025-06-22,Max Muncy,L,1,0,1,4
2025-06-22,Max Muncy,R,1,0,3,3
2025-06-22,Michael Conforto,R,1,0,4,0
2025-06-22,Miguel Rojas,R,0,0,1,0
2025-06-22,Mookie Betts,R,1,0,4,1
2025-06-22,Shohei Ohtani,R,2,1,4,5
2025-06-22,Tommy Edman,L,0,0,1,0
2025-06-22,Tommy Edman,R,0,0,3,0
2025-06-24,Andy Pages,L,1,0,1,0
2025-06-24,Andy Pages,R,1,0,4,1
2025-06-24,Freddie Freeman,L,0,0,1,0
2025-06-24,Freddie Freeman,R,0,0,4,0
2025-06-24,Max Muncy,L,0,0,1,0
2025-06-24,Max Muncy,R,2,0,4,0
2025-06-24,Michael Conforto,L,0,0,1,0
2025-06-24,Michael Conforto,R,2,0,4,3
2025-06-24,Mookie Betts,L,1,0,1,0
2025-06-24,Mookie Betts,R,1,0,4,1
2025-06-24,Shohei Ohtani,L,1,0,1,2
2025-06-24,Shohei Ohtani,R,0,0,4,0
2025-06-24,Teoscar Hernandez,L,1,0,1,0
2025-06-24,Teoscar Hernandez,R,1,0,4,2
2025-06-24,Tommy Edman,L,1,0,1,0
2025-06-24,Tommy Edman,R,0,0,3,0
2025-06-24,Will Smith,L,0,0,1,0
2025-06-24,Will Smith,R,2,0,4,0
2025-06-25,Andy Pages,R,2,0,4,1
2025-06-25,Dalton Rushing,R,0,1,3,0
2025-06-25,Freddie Freeman,R,0,1,4,0
2025-06-25,Max Muncy,R,2,0,4,6
2025-06-25,Michael Conforto,R,2,0,4,1
2025-06-25,Mookie Betts,R,0,0,5,0
2025-06-25,Shohei Ohtani,R,1,1,3,0
2025-06-25,Teoscar Hernandez,R,1,0,4,0
2025-06-25,Tommy Edman,R,1,0,4,0
2025-06-26,Andy Pages,L,0,0,2,0
2025-06-26,Andy Pages,R,0,0,2,0
2025-06-26,Enrique Hernandez,L,0,0,2,0
2025-06-26,Enrique Hernandez,R,0,0,2,0
2025-06-26,Freddie Freeman,L,0,0,2,0
2025-06-26,Freddie Freeman,R,1,0,2,1
2025-06-26,Miguel Rojas,L,1,0,2,0
2025-06-26,Miguel Rojas,R,0,0,2,0
2025-06-26,Mookie Betts,L,1,0,2,1
2025-06-26,Mookie Betts,R,1,0,2,0
2025-06-26,Shohei Ohtani,L,0,1,2,0
2025-06-26,Shohei Ohtani,R,1,0,1,1
2025-06-26,Teoscar Hernandez,L,1,0,2,0
2025-06-26,Teoscar Hernandez,R,1,0,2,0
2025-06-26,Tommy Edman,L,1,0,2,0
2025-06-26,Tommy Edman,R,0,0,2,0
2025-06-26,Will Smith,L,0,0,2,0
2025-06-26,Will Smith,R,0,1,1,0
2025-06-27,Andy Pages,L,0,0,2,0
2025-06-27,Andy Pages,R,0,0,2,0
2025-06-27,Enrique Hernandez,L,0,1,2,0
2025-06-27,Enrique Hernandez,R,0,0,1,0
2025-06-27,Freddie Freeman,L,0,0,2,0
2025-06-27,Freddie Freeman,R,0,0,2,0
2025-06-27,Max Muncy,L,1,0,3,2
2025-06-27,Max Muncy,R,0,1,0,0
2025-06-27,Mookie Betts,L,0,0,2,0
2025-06-27,Mookie Betts,R,1,0,2,1
2025-06-27,Shohei Ohtani,L,2,1,3,2
2025-06-27,Teoscar Hernandez,L,0,0,2,0
2025-06-27,Teoscar Hernandez,R,0,0,2,0
2025-06-27,Tommy Edman,L,0,1,1,0
2025-06-27,Tommy Edman,R,0,0,2,0
2025-06-27,Will Smith,L,0,0,2,0
2025-06-27,Will Smith,R,0,0,2,0
2025-06-28,Andy Pages,L,1,0,1,1
2025-06-28,Andy Pages,R,0,1,3,0
2025-06-28,Dalton Rushing,L,0,0,2,0
2025-06-28,Dalton Rushing,R,0,0,2,0
2025-06-28,Enrique Hernandez,L,1,0,1,2
2025-06-28,Enrique Hernandez,R,0,0,1,0
2025-06-28,Freddie Freeman,L,1,1,1,1
2025-06-28,Freddie Freeman,R,2,1,2,0
2025-06-28,Hyeseong Kim,L,1,0,1,0
2025-06-28,Hyeseong Kim,R,1,1,2,0
2025-06-28,Max Muncy,L,1,0,2,1
2025-06-28,Max Muncy,R,1,1,2,0
2025-06-28,Michael Conforto,L,0,0,1,0
2025-06-28,Michael Conforto,R,0,1,3,0
2025-06-28,Miguel Rojas,L,0,0,1,0
2025-06-28,Mookie Betts,L,0,0,1,0
2025-06-28,Mookie Betts,R,0,0,3,0
2025-06-28,Shohei Ohtani,L,0,0,1,0
2025-06-28,Shohei Ohtani,R,0,0,3,0
2025-06-28,Teoscar Hernandez,R,0,0,3,0
2025-06-28,Tommy Edman,L,1,0,1,0
2025-06-29,Andy Pages,L,1,0,3,0
2025-06-29,Andy Pages,R,1,0,1,0
2025-06-29,Enrique Hernandez,L,1,0,4,2
2025-06-29,Max Muncy,L,1,0,4,1
2025-06-29,Miguel Rojas,L,2,1,2,1
2025-06-29,Mookie Betts,L,0,0,2,0
2025-06-29,Mookie Betts,R,0,0,2,0
2025-06-29,Shohei Ohtani,L,0,0,4,0
2025-06-29,Teoscar Hernandez,L,0,1,1,0
2025-06-29,Teoscar Hernandez,R,0,0,2,0
2025-06-29,Tommy Edman,L,0,1,2,0
2025-06-29,Tommy Edman,R,0,0,1,0
2025-06-29,Will Smith,L,0,0,2,0
2025-06-29,Will Smith,R,1,0,2,1
2025-07-01,Andy Pages,L,0,0,1,0
2025-07-01,Andy Pages,R,2,0,3,2
2025-07-01,Freddie Freeman,L,0,0,1,0
2025-07-01,Freddie Freeman,R,0,0,3,0
2025-07-01,Hyeseong Kim,L,0,0,1,0
2025-07-01,Hyeseong Kim,R,0,0,2,0
2025-07-01,Max Muncy,R,0,1,3,0
2025-07-01,Michael Conforto,L,0,0,1,0
2025-07-01,Michael Conforto,R,1,0,3,2
2025-07-01,Shohei Ohtani,L,0,0,1,0
2025-07-01,Shohei Ohtani,R,1,0,3,1
2025-07-01,Teoscar Hernandez,R,2,0,4,1
2025-07-01,Tommy Edman,L,0,0,1,0
2025-07-01,Tommy Edman,R,0,0,2,0
2025-07-01,Will Smith,L,0,0,1,0
2025-07-01,Will Smith,R,1,2,1,0
2025-07-02,Andy Pages,R,1,0,4,1
2025-07-02,Enrique Hernandez,R,0,0,2,0
2025-07-02,Freddie Freeman,L,0,0,1,0
2025-07-02,Freddie Freeman,R,2,0,4,1
2025-07-02,Hyeseong Kim,R,1,1,3,0
2025-07-02,Max Muncy,R,0,0,2,0
2025-07-02,Michael Conforto,R,1,0,4,0
2025-07-02,Mookie Betts,L,0,0,1,0
2025-07-02,Mookie Betts,R,0,0,4,1
2025-07-02,Shohei Ohtani,L,0,0,1,0
2025-07-02,Shohei Ohtani,R,1,0,4,1
2025-07-02,Tommy Edman,R,1,2,2,0
2025-07-02,Will Smith,L,1,0,1,1
2025-07-02,Will Smith,R,1,1,2,0
2025-07-03,Andy Pages,R,0,0,4,0
2025-07-03,Dalton Rushing,L,0,0,1,0
2025-07-03,Dalton Rushing,R,1,0,2,0
2025-07-03,Freddie Freeman,L,0,0,1,0
2025-07-03,Freddie Freeman,R,2,0,3,3
2025-07-03,Michael Conforto,L,0,0,1,0
2025-07-03,Michael Conforto,R,1,0,3,2
2025-07-03,Miguel Rojas,L,0,0,1,0
2025-07-03,Miguel Rojas,R,0,0,2,0
2025-07-03,Mookie Betts,L,1,0,1,1
2025-07-03,Mookie Betts,R,0,0,3,0
2025-07-03,Shohei Ohtani,L,0,0,1,0
2025-07-03,Shohei Ohtani,R,0,2,1,0
2025-07-03,Teoscar Hernandez,R,1,0,4,0
2025-07-03,Tommy Edman,L,1,0,1,0
2025-07-03,Tommy Edman,R,0,0,3,0
2025-07-04,Andy Pages,R,1,1,3,0
2025-07-04,Dalton Rushing,R,0,0,3,0
2025-07-04,Enrique Hernandez,R,0,0,4,0
2025-07-04,Esteury Ruiz,R,1,0,2,0
2025-07-04,Freddie Freeman,R,1,0,2,0
2025-07-04,Hyeseong Kim,R,0,0,2,0
2025-07-04,Michael Conforto,R,0,0,4,0
2025-07-04,Miguel Rojas,R,0,0,1,0
2025-07-04,Mookie Betts,R,1,0,3,0
2025-07-04,Shohei Ohtani,R,0,1,3,0
2025-07-04,Teoscar Hernandez,R,0,0,2,0
2025-07-04,Tommy Edman,R,0,2,2,0
2025-07-04,Will Smith,R,2,2,2,1
2025-07-05,Andy Pages,L,2,0,3,0
2025-07-05,Andy Pages,R,0,1,0,0
2025-07-05,Enrique Hernandez,L,0,0,3,0
2025-07-05,Esteury Ruiz,L,0,0,1,0
2025-07-05,Freddie Freeman,L,0,0,5,0
2025-07-05,Hyeseong Kim,R,0,0,1,0
2025-07-05,Miguel Rojas,L,2,1,2,3
2025-07-05,Mookie Betts,L,2,0,5,1
2025-07-05,Shohei Ohtani,L,1,1,4,0
2025-07-05,Teoscar Hernandez,L,0,0,3,0
2025-07-05,Teoscar Hernandez,R,0,0,1,0
2025-07-05,Tommy Edman,L,0,0,3,0
2025-07-05,Tommy Edman,R,0,0,0,0
2025-07-05,Will Smith,L,2,0,5,0
2025-07-06,Andy Pages,R,0,0,4,0
2025-07-06,Dalton Rushing,L,1,0,1,0
2025-07-06,Dalton Rushing,R,1,0,2,1
2025-07-06,Esteury Ruiz,L,0,0,1,0
2025-07-06,Esteury Ruiz,R,0,0,2,0
2025-07-06,Freddie Freeman,L,0,0,1,0
2025-07-06,Freddie Freeman,R,1,0,3,0
2025-07-06,Hyeseong Kim,L,0,0,1,0
2025-07-06,Hyeseong Kim,R,1,0,3,0
2025-07-06,Michael Conforto,L,0,0,1,0
2025-07-06,Michael Conforto,R,1,1,2,0
2025-07-06,Miguel Rojas,L,0,0,1,0
2025-07-06,Miguel Rojas,R,0,0,3,0
2025-07-06,Mookie Betts,L,1,0,1,0
2025-07-06,Mookie Betts,R,1,0,3,0
2025-07-06,Shohei Ohtani,L,0,0,1,0
2025-07-06,Shohei Ohtani,R,0,0,3,0
2025-07-07,Andy Pages,R,0,1,2,0
2025-07-07,Dalton Rushing,L,0,0,1,0
2025-07-07,Esteury Ruiz,L,1,0,1,1
2025-07-07,Freddie Freeman,R,1,0,3,0
2025-07-07,Hyeseong Kim,L,0,0,1,0
2025-07-07,Hyeseong Kim,R,0,0,3,0
2025-07-07,Michael Conforto,L,0,0,1,0
2025-07-07,Michael Conforto,R,1,0,2,0
2025-07-07,Miguel Rojas,L,0,0,1,0
2025-07-07,Miguel Rojas,R,0,0,3,0
2025-07-07,Mookie Betts,L,0,0,1,0
2025-07-07,Mookie Betts,R,0,0,3,0
2025-07-07,Shohei Ohtani,L,1,0,1,0
2025-07-07,Shohei Ohtani,R,1,0,3,0
2025-07-07,Will Smith,L,0,1,0,0
2025-07-07,Will Smith,R,1,0,3,0
2025-07-08,Andy Pages,R,0,0,4,0
2025-07-08,Dalton Rushing,L,0,0,1,0
2025-07-08,Dalton Rushing,R,1,0,2,0
2025-07-08,Freddie Freeman,R,0,0,4,0
2025-07-08,Hyeseong Kim,L,0,0,1,0
2025-07-08,Hyeseong Kim,R,0,0,2,0
2025-07-08,Michael Conforto,R,0,0,4,0
2025-07-08,Miguel Rojas,R,1,0,3,0
2025-07-08,Mookie Betts,R,1,0,4,0
2025-07-08,Shohei Ohtani,R,1,1,3,1
2025-07-09,Andy Pages,L,1,0,3,0
2025-07-09,Andy Pages,R,0,0,2,0
2025-07-09,Esteury Ruiz,L,1,0,3,0
2025-07-09,Freddie Freeman,L,0,1,2,0
2025-07-09,Freddie Freeman,R,0,0,2,0
2025-07-09,Hyeseong Kim,L,1,0,1,0
2025-07-09,Michael Conforto,L,0,0,1,0
2025-07-09,Miguel Rojas,L,1,1,2,0
2025-07-09,Miguel Rojas,R,1,0,1,0
2025-07-09,Mookie Betts,L,0,0,3,0
2025-07-09,Mookie Betts,R,0,0,2,1
2025-07-09,Shohei Ohtani,L,0,2,3,1
2025-07-09,Teoscar Hernandez,L,0,1,0,0
2025-07-09,Tommy Edman,L,0,0,3,0
2025-07-09,Tommy Edman,R,0,0,2,0
2025-07-09,Will Smith,L,0,0,3,0
2025-07-09,Will Smith,R,0,1,1,0
2025-07-11,Andy Pages,R,1,0,4,0
2025-07-11,Freddie Freeman,R,0,1,4,0
2025-07-11,Hyeseong Kim,R,3,0,4,0
2025-07-11,Michael Conforto,R,1,0,4,2
2025-07-11,Mookie Betts,R,2,0,4,0
2025-07-11,Shohei Ohtani,R,1,1,4,2
2025-07-11,Teoscar Hernandez,R,1,0,4,2
2025-07-11,Tommy Edman,R,0,0,4,0
2025-07-11,Will Smith,R,2,0,5,1
2025-07-12,Andy Pages,R,2,1,3,0
2025-07-12,Dalton Rushing,L,0,0,1,0
2025-07-12,Dalton Rushing,R,0,0,2,0
2025-07-12,Freddie Freeman,R,1,0,4,0
2025-07-12,Hyeseong Kim,R,1,0,4,1
2025-07-12,Michael Conforto,R,3,0,4,0
2025-07-12,Mookie Betts,R,0,0,4,0
2025-07-12,Shohei Ohtani,L,0,0,1,0
2025-07-12,Shohei Ohtani,R,0,0,3,0
2025-07-12,Teoscar Hernandez,R,1,0,4,0
2025-07-12,Tommy Edman,L,0,0,1,0
2025-07-12,Tommy Edman,R,0,0,3,1
2025-07-13,Andy Pages,L,0,0,2,0
2025-07-13,Andy Pages,R,1,0,3,1
2025-07-13,Esteury Ruiz,L,0,0,2,0
2025-07-13,Freddie Freeman,L,1,0,3,1
2025-07-13,Freddie Freeman,R,1,0,2,1
2025-07-13,Hyeseong Kim,L,0,0,1,0
2025-07-13,Hyeseong Kim,R,0,0,1,0
2025-07-13,Michael Conforto,R,0,0,1,0
2025-07-13,Miguel Rojas,L,1,0,2,1
2025-07-13,Mookie Betts,L,0,1,2,0
2025-07-13,Mookie Betts,R,0,0,2,0
2025-07-13,Shohei Ohtani,L,1,1,2,0
2025-07-13,Shohei Ohtani,R,0,0,1,0
2025-07-13,Teoscar Hernandez,L,0,0,3,0
2025-07-13,Teoscar Hernandez,R,1,0,2,1
2025-07-13,Tommy Edman,L,0,0,3,0
2025-07-13,Tommy Edman,R,0,0,2,0
2025-07-13,Will Smith,L,0,0,3,0
2025-07-13,Will Smith,R,0,1,1,0
2025-07-18,Andy Pages,L,0,0,1,0
2025-07-18,Andy Pages,R,0,0,2,0
2025-07-18,Esteury Ruiz,L,0,0,1,0
2025-07-18,Freddie Freeman,R,1,1,2,0
2025-07-18,Hyeseong Kim,R,1,0,2,0
2025-07-18,Michael Conforto,R,0,0,2,0
2025-07-18,Miguel Rojas,L,0,0,1,0
2025-07-18,Mookie Betts,R,0,0,4,0
2025-07-18,Shohei Ohtani,R,0,0,4,0
2025-07-18,Teoscar Hernandez,R,0,0,3,0
2025-07-18,Tommy Edman,R,0,0,3,0
2025-07-18,Will Smith,R,1,0,3,0
2025-07-19,Andy Pages,R,0,0,4,0
2025-07-19,Esteury Ruiz,L,0,0,1,0
2025-07-19,Freddie Freeman,L,0,0,1,0
2025-07-19,Freddie Freeman,R,0,1,3,0
2025-07-19,Hyeseong Kim,L,0,0,2,0
2025-07-19,Hyeseong Kim,R,0,0,2,0
2025-07-19,Michael Conforto,L,0,0,1,0
2025-07-19,Michael Conforto,R,1,0,2,0
2025-07-19,Miguel Rojas,L,2,0,2,1
2025-07-19,Miguel Rojas,R,0,1,1,0
2025-07-19,Shohei Ohtani,L,1,0,2,1
2025-07-19,Shohei Ohtani,R,1,0,3,2
2025-07-19,Teoscar Hernandez,R,1,1,4,1
2025-07-19,Tommy Edman,L,2,0,2,1
2025-07-19,Tommy Edman,R,0,0,2,0
2025-07-19,Will Smith,L,0,0,1,0
2025-07-19,Will Smith,R,2,0,4,0
2025-07-20,Andy Pages,L,1,0,2,0
2025-07-20,Andy Pages,R,1,0,2,0
2025-07-20,Dalton Rushing,L,0,0,3,1
2025-07-20,Dalton Rushing,R,0,0,1,1
2025-07-20,Esteury Ruiz,L,1,0,2,1
2025-07-20,Freddie Freeman,L,0,0,2,0
2025-07-20,Hyeseong Kim,R,0,0,1,0
2025-07-20,Michael Conforto,R,0,1,1,0
2025-07-20,Miguel Rojas,L,0,0,2,0
2025-07-20,Miguel Rojas,R,0,0,1,0
2025-07-20,Mookie Betts,L,1,0,4,0
2025-07-20,Mookie Betts,R,0,0,1,0
2025-07-20,Shohei Ohtani,L,1,1,3,2
2025-07-20,Teoscar Hernandez,L,0,0,3,0
2025-07-20,Teoscar Hernandez,R,0,0,1,0
2025-07-20,Tommy Edman,L,0,0,3,0
2025-07-20,Tommy Edman,R,1,0,1,0
2025-07-20,Will Smith,R,0,0,1,0
2025-07-21,Andy Pages,R,1,0,3,1
2025-07-21,Freddie Freeman,R,1,0,4,0
2025-07-21,Hyeseong Kim,R,0,0,3,0
2025-07-21,Michael Conforto,R,1,0,3,0
2025-07-21,Mookie Betts,R,1,1,3,0
2025-07-21,Shohei Ohtani,R,1,0,4,2
2025-07-21,Teoscar Hernandez,R,0,0,4,0
2025-07-21,Tommy Edman,R,0,0,3,0
2025-07-21,Will Smith,R,2,0,4,2
2025-07-22,Andy Pages,R,2,1,3,3
2025-07-22,Dalton Rushing,R,1,0,1,0
2025-07-22,Freddie Freeman,L,0,1,0,0
2025-07-22,Freddie Freeman,R,1,1,2,0
2025-07-22,Hyeseong Kim,L,0,0,1,0
2025-07-22,Hyeseong Kim,R,1,0,3,2
2025-07-22,Michael Conforto,L,0,0,1,0
2025-07-22,Michael Conforto,R,1,0,3,0
2025-07-22,Miguel Rojas,L,0,0,1,0
2025-07-22,Miguel Rojas,R,0,1,1,0
2025-07-22,Mookie Betts,R,0,1,4,0
2025-07-22,Shohei Ohtani,R,1,0,5,2
2025-07-22,Will Smith,R,1,1,4,0
2025-07-23,Andy Pages,L,0,1,0,0
2025-07-23,Andy Pages,R,0,0,2,0
2025-07-23,Dalton Rushing,R,0,0,2,0
2025-07-23,Esteury Ruiz,R,0,1,0,0
2025-07-23,Freddie Freeman,L,1,0,1,0
2025-07-23,Freddie Freeman,R,1,0,4,2
2025-07-23,Hyeseong Kim,R,0,0,2,0
2025-07-23,Michael Conforto,R,0,0,1,0
2025-07-23,Miguel Rojas,R,0,1,1,0
2025-07-23,Mookie Betts,R,1,0,5,0
2025-07-23,Shohei Ohtani,R,1,0,4,1
2025-07-23,Teoscar Hernandez,R,3,0,4,0
2025-07-23,Tommy Edman,R,2,0,4,1
2025-07-23,Will Smith,L,0,0,1,0
2025-07-25,Andy Pages,R,2,0,4,1
2025-07-25,Freddie Freeman,L,1,0,1,0
2025-07-25,Freddie Freeman,R,1,0,3,0
2025-07-25,Hyeseong Kim,L,0,0,1,0
2025-07-25,Hyeseong Kim,R,0,0,3,0
2025-07-25,Michael Conforto,L,1,0,1,0
2025-07-25,Michael Conforto,R,0,0,4,0
2025-07-25,Miguel Rojas,L,0,0,1,0
2025-07-25,Miguel Rojas,R,0,1,2,0
2025-07-25,Shohei Ohtani,L,0,0,2,0
2025-07-25,Shohei Ohtani,R,1,1,2,0
2025-07-25,Teoscar Hernandez,R,1,1,3,3
2025-07-25,Tommy Edman,L,0,0,1,0
2025-07-25,Tommy Edman,R,1,0,3,1
2025-07-25,Will Smith,L,0,0,2,0
2025-07-25,Will Smith,R,2,0,3,0
2025-07-26,Andy Pages,L,1,0,4,0
2025-07-26,Andy Pages,R,0,0,1,0
2025-07-26,Esteury Ruiz,L,0,1,3,0
2025-07-26,Freddie Freeman,L,1,0,3,0
2025-07-26,Freddie Freeman,R,0,0,1,0
2025-07-26,Hyeseong Kim,L,2,0,3,0
2025-07-26,Miguel Rojas,L,1,0,4,0
2025-07-26,Mookie Betts,L,0,0,1,0
2025-07-26,Shohei Ohtani,L,1,0,4,1
2025-07-26,Teoscar Hernandez,L,1,1,2,1
2025-07-26,Teoscar Hernandez,R,0,0,1,0
2025-07-26,Tommy Edman,L,1,0,4,0
2025-07-26,Will Smith,L,1,1,3,0
2025-07-27,Andy Pages,L,0,0,1,0
2025-07-27,Andy Pages,R,0,0,4,0
2025-07-27,Dalton Rushing,L,0,0,1,0
2025-07-27,Dalton Rushing,R,0,0,2,0
2025-07-27,Freddie Freeman,L,0,0,1,0
2025-07-27,Freddie Freeman,R,0,1,3,1
2025-07-27,Michael Conforto,L,2,0,2,0
2025-07-27,Michael Conforto,R,1,1,2,1
2025-07-27,Miguel Rojas,R,1,2,1,0
2025-07-27,Mookie Betts,L,0,1,0,0
2025-07-27,Mookie Betts,R,1,0,4,1
2025-07-27,Shohei Ohtani,L,0,0,1,0
2025-07-27,Shohei Ohtani,R,2,1,3,0
2025-07-27,Teoscar Hernandez,R,0,1,4,0
2025-07-27,Tommy Edman,L,0,1,0,0
2025-07-27,Tommy Edman,R,0,0,3,0
2025-07-27,Will Smith,L,0,0,1,0
2025-07-28,Andy Pages,L,0,0,1,0
2025-07-28,Andy Pages,R,1,0,4,0
2025-07-28,Dalton Rushing,L,0,0,1,0
2025-07-28,Dalton Rushing,R,0,0,2,0
2025-07-28,Freddie Freeman,L,0,0,1,0
2025-07-28,Freddie Freeman,R,1,0,4,1
2025-07-28,Hyeseong Kim,L,0,0,1,0
2025-07-28,Hyeseong Kim,R,0,0,3,0
2025-07-28,Michael Conforto,L,1,0,2,0
2025-07-28,Michael Conforto,R,0,1,2,0
2025-07-28,Miguel Rojas,L,0,0,1,0
2025-07-28,Miguel Rojas,R,1,0,3,0
2025-07-28,Mookie Betts,L,0,0,1,0
2025-07-28,Mookie Betts,R,2,1,3,0
2025-07-28,Shohei Ohtani,L,0,1,0,0
2025-07-28,Shohei Ohtani,R,1,1,3,2
2025-07-28,Teoscar Hernandez,R,2,0,5,2
2025-07-29,Andy Pages,L,1,0,2,0
2025-07-29,Andy Pages,R,0,0,2,0
2025-07-29,Esteury Ruiz,L,0,0,2,0
2025-07-29,Freddie Freeman,L,2,0,3,0
2025-07-29,Freddie Freeman,R,1,0,2,1
2025-07-29,Michael Conforto,R,0,2,0,0
2025-07-29,Miguel Rojas,L,1,0,2,0
2025-07-29,Miguel Rojas,R,0,0,2,0
2025-07-29,Mookie Betts,L,1,1,2,0
2025-07-29,Mookie Betts,R,1,0,2,0
2025-07-29,Shohei Ohtani,L,0,0,3,0
2025-07-29,Shohei Ohtani,R,0,0,2,0
2025-07-29,Teoscar Hernandez,L,0,0,2,0
2025-07-29,Teoscar Hernandez,R,1,0,2,0
2025-07-29,Tommy Edman,L,1,0,2,2
2025-07-29,Tommy Edman,R,0,0,2,0
2025-07-29,Will Smith,L,0,0,3,0
2025-07-29,Will Smith,R,2,0,2,2
2025-07-30,Alex Freeland,R,1,1,2,0
2025-07-30,Andy Pages,R,1,0,4,0
2025-07-30,Freddie Freeman,L,0,1,0,0
2025-07-30,Freddie Freeman,R,1,1,2,2
2025-07-30,Michael Conforto,R,1,0,4,0
2025-07-30,Miguel Rojas,R,1,0,4,0
2025-07-30,Mookie Betts,R,0,0,5,0
2025-07-30,Shohei Ohtani,L,0,0,1,0
2025-07-30,Shohei Ohtani,R,0,0,4,0
2025-07-30,Teoscar Hernandez,R,1,0,4,0
2025-07-30,Will Smith,L,1,0,1,0
2025-07-30,Will Smith,R,0,1,2,0
2025-08-01,Alex Call,L,0,0,1,0
2025-08-01,Alex Freeland,L,1,0,2,0
2025-08-01,Alex Freeland,R,1,0,2,1
2025-08-01,Andy Pages,L,0,0,1,0
2025-08-01,Andy Pages,R,0,0,3,0
2025-08-01,Freddie Freeman,L,0,0,1,0
2025-08-01,Freddie Freeman,R,2,0,3,3
2025-08-01,Michael Conforto,R,1,0,3,0
2025-08-01,Mookie Betts,L,0,0,2,0
2025-08-01,Mookie Betts,R,0,0,3,1
2025-08-01,Shohei Ohtani,L,0,0,2,0
2025-08-01,Shohei Ohtani,R,2,1,2,0
2025-08-01,Teoscar Hernandez,L,0,0,1,0
2025-08-01,Teoscar Hernandez,R,0,0,3,0
2025-08-01,Tommy Edman,L,0,0,2,0
2025-08-01,Tommy Edman,R,1,0,2,0
2025-08-01,Will Smith,L,0,0,1,0
2025-08-01,Will Smith,R,1,1,2,0
2025-08-02,Alex Freeland,R,1,0,3,0
2025-08-02,Andy Pages,R,0,0,3,0
2025-08-02,Dalton Rushing,R,0,0,3,0
2025-08-02,Freddie Freeman,L,1,0,1,0
2025-08-02,Freddie Freeman,R,1,0,3,0
2025-08-02,Michael Conforto,R,0,0,3,0
2025-08-02,Miguel Rojas,R,1,0,3,0
2025-08-02,Mookie Betts,R,0,0,4,0
2025-08-02,Shohei Ohtani,L,1,0,1,0
2025-08-02,Shohei Ohtani,R,0,0,3,0
2025-08-02,Teoscar Hernandez,L,0,0,1,0
2025-08-02,Teoscar Hernandez,R,1,0,3,0
2025-08-03,Alex Call,R,0,1,3,0
2025-08-03,Alex Freeland,R,0,0,4,0
2025-08-03,Andy Pages,R,1,0,3,1
2025-08-03,Freddie Freeman,R,3,0,5,1
2025-08-03,Michael Conforto,R,0,1,3,0
2025-08-03,Miguel Rojas,R,0,0,2,0
2025-08-03,Mookie Betts,R,0,1,4,1
2025-08-03,Shohei Ohtani,R,2,1,3,0
2025-08-03,Tommy Edman,R,1,0,2,0
2025-08-03,Will Smith,R,1,0,4,0
2025-08-04,Andy Pages,R,0,0,3,1
2025-08-04,Freddie Freeman,L,0,0,1,0
2025-08-04,Freddie Freeman,R,1,0,3,1
2025-08-04,Max Muncy,L,0,0,1,0
2025-08-04,Max Muncy,R,0,1,2,0
2025-08-04,Michael Conforto,R,0,0,3,0
2025-08-04,Miguel Rojas,R,0,0,3,0
2025-08-04,Mookie Betts,L,0,0,1,0
2025-08-04,Mookie Betts,R,0,0,3,0
2025-08-04,Shohei Ohtani,L,1,0,1,0
2025-08-04,Shohei Ohtani,R,0,0,3,0
2025-08-04,Teoscar Hernandez,R,1,0,3,0
2025-08-04,Will Smith,L,0,1,0,0
2025-08-04,Will Smith,R,0,0,3,0
2025-08-05,Alex Freeland,R,2,0,4,1
2025-08-05,Andy Pages,R,2,0,5,0
2025-08-05,Dalton Rushing,R,0,1,3,0
2025-08-05,Freddie Freeman,R,0,0,5,2
2025-08-05,Max Muncy,R,4,0,5,4
2025-08-05,Michael Conforto,R,1,0,5,1
2025-08-05,Mookie Betts,R,3,1,4,0
2025-08-05,Shohei Ohtani,R,2,1,4,0
2025-08-05,Teoscar Hernandez,R,3,0,5,4
2025-08-06,Alex Call,L,1,0,2,0
2025-08-06,Alex Call,R,1,0,1,0
2025-08-06,Alex Freeland,L,0,0,2,0
2025-08-06,Alex Freeland,R,0,0,2,0
2025-08-06,Andy Pages,L,1,0,2,0
2025-08-06,Andy Pages,R,0,0,2,0
2025-08-06,Freddie Freeman,L,3,0,3,0
2025-08-06,Freddie Freeman,R,0,0,1,0
2025-08-06,Max Muncy,R,0,1,0,0
2025-08-06,Michael Conforto,R,0,0,1,0
2025-08-06,Miguel Rojas,L,0,0,2,0
2025-08-06,Miguel Rojas,R,0,0,1,0
2025-08-06,Mookie Betts,L,1,0,3,0
2025-08-06,Mookie Betts,R,0,0,1,0
2025-08-06,Shohei Ohtani,L,1,1,3,2
2025-08-06,Teoscar Hernandez,L,0,0,2,0
2025-08-06,Teoscar Hernandez,R,0,0,2,0
2025-08-06,Will Smith,L,0,0,3,0
2025-08-06,Will Smith,R,0,0,1,0
2025-08-08,Alex Freeland,L,0,1,1,0
2025-08-08,Alex Freeland,R,0,0,2,0
2025-08-08,Andy Pages,L,0,0,1,0
2025-08-08,Andy Pages,R,1,0,3,0
2025-08-08,Freddie Freeman,L,0,1,0,0
2025-08-08,Freddie Freeman,R,0,1,2,0
2025-08-08,Max Muncy,R,0,2,2,0
2025-08-08,Michael Conforto,R,0,0,4,0
2025-08-08,Mookie Betts,L,0,0,1,1
2025-08-08,Mookie Betts,R,2,0,3,2
2025-08-08,Shohei Ohtani,L,1,0,2,0
2025-08-08,Shohei Ohtani,R,2,0,3,0
2025-08-08,Teoscar Hernandez,R,1,0,4,1
2025-08-08,Will Smith,R,0,1,3,1
2025-08-09,Alex Call,R,0,0,1,0
2025-08-09,Alex Freeland,R,0,1,3,0
2025-08-09,Andy Pages,R,2,0,4,2
2025-08-09,Dalton Rushing,R,1,0,4,2
2025-08-09,Freddie Freeman,R,1,1,4,0
2025-08-09,Justin Dean,R,0,0,1,0
2025-08-09,Max Muncy,R,2,1,3,2
2025-08-09,Michael Conforto,R,1,1,1,0
2025-08-09,Miguel Rojas,R,0,0,1,0
2025-08-09,Mookie Betts,R,1,0,5,2
2025-08-09,Shohei Ohtani,R,2,0,4,1
2025-08-09,Teoscar Hernandez,R,0,0,4,0
2025-08-10,Alex Call,L,0,0,2,0
2025-08-10,Alex Call,R,0,1,2,0
2025-08-10,Alex Freeland,R,0,1,1,0
2025-08-10,Andy Pages,L,0,1,2,0
2025-08-10,Andy Pages,R,1,1,1,0
2025-08-10,Freddie Freeman,L,1,1,3,2
2025-08-10,Freddie Freeman,R,0,1,1,1
2025-08-10,Max Muncy,L,1,0,3,0
2025-08-10,Max Muncy,R,0,2,0,0
2025-08-10,Michael Conforto,R,0,0,1,0
2025-08-10,Miguel Rojas,L,1,0,2,0
2025-08-10,Miguel Rojas,R,0,0,1,0
2025-08-10,Mookie Betts,L,1,1,2,0
2025-08-10,Mookie Betts,R,1,0,3,0
2025-08-10,Shohei Ohtani,L,1,0,2,1
2025-08-10,Shohei Ohtani,R,1,0,2,0
2025-08-10,Teoscar Hernandez,L,1,0,3,0
2025-08-10,Teoscar Hernandez,R,0,0,1,0
2025-08-10,Will Smith,L,0,0,2,0
2025-08-10,Will Smith,R,0,2,1,0
2025-08-11,Alex Call,R,0,0,4,0
2025-08-11,Alex Freeland,R,0,1,3,0
2025-08-11,Andy Pages,R,1,0,3,0
2025-08-11,Dalton Rushing,R,0,0,1,0
2025-08-11,Freddie Freeman,R,0,0,3,0
2025-08-11,Max Muncy,R,1,1,3,3
2025-08-11,Michael Conforto,R,0,1,3,0
2025-08-11,Miguel Rojas,R,0,0,1,0
2025-08-11,Mookie Betts,R,2,0,4,0
2025-08-11,Shohei Ohtani,R,1,1,3,1
2025-08-11,Will Smith,R,2,0,4,0
2025-08-12,Alex Call,L,0,0,1,0
2025-08-12,Alex Call,R,0,0,1,0
2025-08-12,Alex Freeland,R,0,1,1,0
2025-08-12,Andy Pages,L,1,0,1,0
2025-08-12,Andy Pages,R,1,1,3,1
2025-08-12,Dalton Rushing,L,1,0,2,0
2025-08-12,Dalton Rushing,R,1,0,1,2
2025-08-12,Freddie Freeman,L,1,0,1,0
2025-08-12,Freddie Freeman,R,1,0,4,0
2025-08-12,Max Muncy,L,0,1,0,0
2025-08-12,Max Muncy,R,0,0,4,0
2025-08-12,Michael Conforto,R,0,0,3,0
2025-08-12,Miguel Rojas,L,1,0,2,0
2025-08-12,Mookie Betts,L,1,0,1,0
2025-08-12,Mookie Betts,R,0,0,3,0
2025-08-12,Shohei Ohtani,L,0,0,2,0
2025-08-12,Shohei Ohtani,R,1,2,1,1
2025-08-12,Teoscar Hernandez,L,1,0,1,1
2025-08-12,Teoscar Hernandez,R,1,0,4,1
2025-08-12,Will Smith,L,0,0,1,0
2025-08-13,Alex Call,L,0,0,1,0
2025-08-13,Alex Call,R,1,1,2,0
2025-08-13,Alex Freeland,L,0,0,2,0
2025-08-13,Alex Freeland,R,0,1,1,0
2025-08-13,Andy Pages,L,0,0,1,0
2025-08-13,Andy Pages,R,0,0,3,0
2025-08-13,Freddie Freeman,L,0,0,1,0
2025-08-13,Freddie Freeman,R,0,0,4,0
2025-08-13,Miguel Rojas,L,0,1,1,0
2025-08-13,Miguel Rojas,R,1,0,2,0
2025-08-13,Mookie Betts,L,0,0,1,0
2025-08-13,Mookie Betts,R,2,0,4,2
2025-08-13,Shohei Ohtani,L,0,0,2,0
2025-08-13,Shohei Ohtani,R,1,1,2,0
2025-08-13,Teoscar Hernandez,L,0,0,1,0
2025-08-13,Teoscar Hernandez,R,1,0,3,0
2025-08-13,Will Smith,L,0,1,0,0
2025-08-13,Will Smith,R,1,1,3,3
2025-08-15,Alex Call,L,0,1,0,0
2025-08-15,Alex Freeland,L,0,0,1,0
2025-08-15,Alex Freeland,R,1,0,2,0
2025-08-15,Andy Pages,R,0,1,2,0
2025-08-15,Freddie Freeman,L,0,0,1,0
2025-08-15,Freddie Freeman,R,0,1,1,0
2025-08-15,Michael Conforto,R,1,0,2,0
2025-08-15,Miguel Rojas,L,0,0,1,0
2025-08-15,Miguel Rojas,R,1,0,2,0
2025-08-15,Mookie Betts,L,0,0,1,0
2025-08-15,Mookie Betts,R,0,0,3,1
2025-08-15,Shohei Ohtani,L,0,0,1,0
2025-08-15,Shohei Ohtani,R,0,1,2,1
2025-08-15,Teoscar Hernandez,R,1,0,3,1
2025-08-15,Will Smith,L,0,0,1,0
2025-08-15,Will Smith,R,0,0,4,0
2025-08-16,Alex Freeland,L,0,0,1,0
2025-08-16,Alex Freeland,R,0,0,3,0
2025-08-16,Andy Pages,R,0,1,3,0
2025-08-16,Freddie Freeman,R,1,0,4,2
2025-08-16,Michael Conforto,L,1,0,1,0
2025-08-16,Michael Conforto,R,1,0,3,2
2025-08-16,Miguel Rojas,L,0,0,1,0
2025-08-16,Miguel Rojas,R,0,0,2,0
2025-08-16,Mookie Betts,R,0,1,3,0
2025-08-16,Shohei Ohtani,L,0,0,1,0
2025-08-16,Shohei Ohtani,R,1,2,1,0
2025-08-16,Teoscar Hernandez,R,1,0,4,2
2025-08-16,Will Smith,R,0,2,2,0
2025-08-17,Alex Call,L,0,0,1,0
2025-08-17,Alex Freeland,R,0,1,1,0
2025-08-17,Andy Pages,R,2,0,3,1
2025-08-17,Freddie Freeman,R,1,0,4,3
2025-08-17,Michael Conforto,R,0,0,2,0
2025-08-17,Miguel Rojas,L,0,0,1,0
2025-08-17,Mookie Betts,R,1,1,3,1
2025-08-17,Shohei Ohtani,L,0,0,1,0
2025-08-17,Shohei Ohtani,R,1,0,3,0
2025-08-17,Teoscar Hernandez,R,1,0,4,0
2025-08-17,Will Smith,R,0,0,4,0
2025-08-18,Alex Call,L,1,0,2,0
2025-08-18,Alex Freeland,R,1,0,2,1
2025-08-18,Andy Pages,L,0,1,1,0
2025-08-18,Andy Pages,R,0,0,2,0
2025-08-18,Dalton Rushing,L,0,0,3,1
2025-08-18,Dalton Rushing,R,0,0,1,0
2025-08-18,Freddie Freeman,L,1,0,2,0
2025-08-18,Freddie Freeman,R,1,1,1,0
2025-08-18,Michael Conforto,R,0,0,2,0
2025-08-18,Miguel Rojas,L,1,0,2,0
2025-08-18,Mookie Betts,L,1,0,3,0
2025-08-18,Mookie Betts,R,0,0,1,0
2025-08-18,Shohei Ohtani,L,2,0,3,1
2025-08-18,Shohei Ohtani,R,0,0,1,0
2025-08-18,Teoscar Hernandez,L,0,0,2,0
2025-08-18,Teoscar Hernandez,R,0,0,2,0
2025-08-19,Alex Call,L,2,0,2,2
2025-08-19,Alex Call,R,2,0,3,0
2025-08-19,Alex Freeland,R,0,1,2,0
2025-08-19,Andy Pages,L,0,0,2,0
2025-08-19,Andy Pages,R,1,0,3,0
2025-08-19,Freddie Freeman,L,2,0,2,1
2025-08-19,Freddie Freeman,R,0,1,3,0
2025-08-19,Miguel Rojas,L,1,0,2,1
2025-08-19,Miguel Rojas,R,1,1,2,0
2025-08-19,Mookie Betts,L,0,0,3,0
2025-08-19,Mookie Betts,R,2,0,3,0
2025-08-19,Shohei Ohtani,L,1,1,2,1
2025-08-19,Shohei Ohtani,R,0,0,3,1
2025-08-19,Teoscar Hernandez,L,2,0,2,1
2025-08-19,Teoscar Hernandez,R,0,0,3,0
2025-08-19,Will Smith,L,0,1,1,0
2025-08-19,Will Smith,R,3,0,3,2
2025-08-20,Alex Call,L,0,0,1,0
2025-08-20,Alex Freeland,R,1,0,4,0
2025-08-20,Andy Pages,R,0,0,4,0
2025-08-20,Freddie Freeman,L,0,0,1,0
2025-08-20,Freddie Freeman,R,1,0,2,0
2025-08-20,Michael Conforto,R,0,0,4,0
2025-08-20,Miguel Rojas,R,2,0,4,2
2025-08-20,Shohei Ohtani,R,1,1,2,0
2025-08-20,Teoscar Hernandez,R,1,0,4,1
2025-08-20,Will Smith,L,0,0,1,0
2025-08-20,Will Smith,R,0,0,3,0
2025-08-21,Alex Call,R,1,2,4,1
2025-08-21,Alex Freeland,R,3,0,5,1
2025-08-21,Andy Pages,R,2,1,4,1
2025-08-21,Dalton Rushing,R,0,0,5,0
2025-08-21,Freddie Freeman,L,0,0,1,0
2025-08-21,Freddie Freeman,R,2,0,4,2
2025-08-21,Michael Conforto,L,0,0,1,0
2025-08-21,Michael Conforto,R,0,0,4,1
2025-08-21,Miguel Rojas,R,1,1,3,1
2025-08-21,Mookie Betts,R,2,2,3,0
2025-08-21,Will Smith,L,1,0,1,1
2025-08-21,Will Smith,R,0,0,3,1
2025-08-22,Alex Freeland,R,1,1,2,1
2025-08-22,Andy Pages,R,0,0,3,0
2025-08-22,Dalton Rushing,R,0,0,1,0
2025-08-22,Freddie Freeman,R,1,0,4,0
2025-08-22,Michael Conforto,R,0,1,2,0
2025-08-22,Mookie Betts,R,1,0,4,0
2025-08-22,Shohei Ohtani,R,0,1,3,0
2025-08-22,Teoscar Hernandez,R,0,0,4,0
2025-08-22,Will Smith,R,0,0,4,0
2025-08-23,Alex Call,L,0,0,2,0
2025-08-23,Alex Freeland,R,1,0,1,1
2025-08-23,Andy Pages,L,0,0,2,0
2025-08-23,Andy Pages,R,0,0,1,0
2025-08-23,Freddie Freeman,L,0,0,2,0
2025-08-23,Freddie Freeman,R,0,0,1,0
2025-08-23,Michael Conforto,L,0,0,1,0
2025-08-23,Miguel Rojas,L,1,0,2,0
2025-08-23,Mookie Betts,L,0,0,3,0
2025-08-23,Mookie Betts,R,0,0,1,0
2025-08-23,Shohei Ohtani,L,0,0,4,0
2025-08-23,Teoscar Hernandez,L,0,0,2,0
2025-08-23,Teoscar Hernandez,R,0,0,1,0
2025-08-23,Will Smith,L,0,0,2,0
2025-08-23,Will Smith,R,0,0,1,0
2025-08-24,Alex Call,L,1,0,1,0
2025-08-24,Alex Freeland,L,0,0,1,0
2025-08-24,Alex Freeland,R,0,0,3,0
2025-08-24,Andy Pages,L,0,0,1,0
2025-08-24,Andy Pages,R,1,0,3,0
2025-08-24,Dalton Rushing,L,0,0,1,0
2025-08-24,Dalton Rushing,R,1,0,3,3
2025-08-24,Freddie Freeman,L,1,0,2,2
2025-08-24,Freddie Freeman,R,1,1,2,1
2025-08-24,Michael Conforto,R,0,1,2,0
2025-08-24,Miguel Rojas,L,0,0,1,0
2025-08-24,Miguel Rojas,R,0,0,3,0
2025-08-24,Mookie Betts,L,1,0,1,0
2025-08-24,Mookie Betts,R,2,1,3,0
2025-08-24,Shohei Ohtani,L,1,0,1,1
2025-08-24,Shohei Ohtani,R,0,1,3,0
2025-08-24,Teoscar Hernandez,L,0,0,2,0
2025-08-24,Teoscar Hernandez,R,0,0,3,1
2025-08-25,Alex Freeland,R,0,0,4,0
2025-08-25,Andy Pages,R,2,0,4,6
2025-08-25,Freddie Freeman,L,0,0,1,0
2025-08-25,Freddie Freeman,R,1,0,3,0
2025-08-25,Michael Conforto,R,2,0,4,0
2025-08-25,Miguel Rojas,R,1,0,4,0
2025-08-25,Mookie Betts,L,1,0,1,1
2025-08-25,Mookie Betts,R,1,0,3,0
2025-08-25,Shohei Ohtani,L,0,0,1,0
2025-08-25,Shohei Ohtani,R,0,1,2,0
2025-08-25,Teoscar Hernandez,R,1,1,3,0
2025-08-25,Will Smith,R,0,1,3,0
2025-08-26,Alex Call,L,0,0,1,0
2025-08-26,Alex Freeland,R,0,0,2,0
2025-08-26,Andy Pages,R,2,0,4,0
2025-08-26,Enrique Hernandez,L,1,0,1,0
2025-08-26,Enrique Hernandez,R,1,0,3,1
2025-08-26,Freddie Freeman,R,1,0,4,1
2025-08-26,Justin Dean,R,0,0,1,0
2025-08-26,Michael Conforto,R,1,0,2,0
2025-08-26,Miguel Rojas,L,1,0,1,2
2025-08-26,Miguel Rojas,R,0,0,1,0
2025-08-26,Mookie Betts,R,0,2,2,0
2025-08-26,Shohei Ohtani,L,1,0,1,1
2025-08-26,Shohei Ohtani,R,0,1,3,0
2025-08-26,Teoscar Hernandez,R,1,0,4,0
2025-08-26,Will Smith,R,1,1,3,1
2025-08-27,Alex Freeland,L,0,1,3,0
2025-08-27,Andy Pages,L,1,0,2,0
2025-08-27,Andy Pages,R,0,0,2,0
2025-08-27,Dalton Rushing,L,1,1,3,2
2025-08-27,Enrique Hernandez,L,1,0,2,2
2025-08-27,Enrique Hernandez,R,0,0,2,0
2025-08-27,Michael Conforto,L,1,0,3,1
2025-08-27,Michael Conforto,R,1,0,1,0
2025-08-27,Miguel Rojas,L,0,0,2,0
2025-08-27,Miguel Rojas,R,0,0,1,0
2025-08-27,Mookie Betts,L,0,0,3,0
2025-08-27,Mookie Betts,R,0,1,0,0
2025-08-27,Shohei Ohtani,L,1,0,5,0
2025-08-27,Teoscar Hernandez,L,1,0,2,0
2025-08-27,Teoscar Hernandez,R,0,1,0,0
2025-08-29,Alex Call,L,0,0,1,0
2025-08-29,Alex Freeland,R,0,0,2,0
2025-08-29,Andy Pages,L,1,0,1,0
2025-08-29,Andy Pages,R,0,0,2,0
2025-08-29,Dalton Rushing,R,0,0,1,0
2025-08-29,Enrique Hernandez,L,0,0,1,0
2025-08-29,Enrique Hernandez,R,0,0,2,0
2025-08-29,Freddie Freeman,R,0,1,3,0
2025-08-29,Michael Conforto,R,0,0,2,0
2025-08-29,Miguel Rojas,L,0,0,1,0
2025-08-29,Mookie Betts,L,0,0,1,0
2025-08-29,Mookie Betts,R,1,0,3,0
2025-08-29,Shohei Ohtani,L,0,0,1,0
2025-08-29,Shohei Ohtani,R,1,1,2,0
2025-08-29,Teoscar Hernandez,L,0,0,1,0
2025-08-29,Teoscar Hernandez,R,0,1,2,0
2025-08-29,Will Smith,R,0,1,3,0
2025-08-30,Alex Call,L,0,0,2,0
2025-08-30,Alex Call,R,1,0,2,0
2025-08-30,Andy Pages,L,1,0,4,0
2025-08-30,Enrique Hernandez,L,1,0,2,0
2025-08-30,Enrique Hernandez,R,0,0,2,0
2025-08-30,Freddie Freeman,L,1,1,3,0
2025-08-30,Miguel Rojas,L,1,0,2,0
2025-08-30,Miguel Rojas,R,0,0,2,0
2025-08-30,Mookie Betts,L,1,1,3,1
2025-08-30,Shohei Ohtani,L,0,1,3,0
2025-08-30,Teoscar Hernandez,L,0,0,4,0
2025-08-30,Will Smith,L,0,2,2,0
2025-08-31,Alex Call,L,0,0,1,0
2025-08-31,Alex Call,R,0,0,3,0
2025-08-31,Alex Freeland,L,1,0,1,0
2025-08-31,Alex Freeland,R,1,0,3,0
2025-08-31,Andy Pages,L,0,0,1,0
2025-08-31,Andy Pages,R,1,0,3,2
2025-08-31,Dalton Rushing,L,0,0,1,0
2025-08-31,Dalton Rushing,R,0,0,2,0
2025-08-31,Enrique Hernandez,L,0,0,1,0
2025-08-31,Enrique Hernandez,R,0,0,1,0
2025-08-31,Freddie Freeman,L,0,1,0,0
2025-08-31,Freddie Freeman,R,1,0,3,1
2025-08-31,Michael Conforto,R,0,1,1,0
2025-08-31,Miguel Rojas,L,0,0,1,0
2025-08-31,Miguel Rojas,R,2,0,2,1
2025-08-31,Mookie Betts,L,0,0,1,0
2025-08-31,Mookie Betts,R,2,0,3,0
2025-08-31,Shohei Ohtani,L,0,0,1,0
2025-08-31,Shohei Ohtani,R,1,0,3,0
2025-08-31,Will Smith,R,1,0,1,1
2025-09-02,Alex Freeland,R,0,0,4,0
2025-09-02,Andy Pages,R,1,0,4,2
2025-09-02,Freddie Freeman,R,0,0,5,0
2025-09-02,Michael Conforto,R,0,1,3,0
2025-09-02,Miguel Rojas,R,1,1,3,0
2025-09-02,Mookie Betts,R,2,0,5,1
2025-09-02,Shohei Ohtani,R,3,0,5,2
2025-09-02,Teoscar Hernandez,R,2,0,4,1
2025-09-02,Will Smith,R,3,0,5,1
2025-09-03,Alex Call,R,1,1,3,0
2025-09-03,Alex Freeland,R,0,0,3,0
2025-09-03,Andy Pages,R,0,0,4,0
2025-09-03,Dalton Rushing,L,0,1,0,0
2025-09-03,Dalton Rushing,R,1,0,2,0
2025-09-03,Enrique Hernandez,L,0,0,1,0
2025-09-03,Enrique Hernandez,R,0,0,2,0
2025-09-03,Freddie Freeman,L,0,0,1,0
2025-09-03,Freddie Freeman,R,1,1,2,0
2025-09-03,Hyeseong Kim,R,0,0,1,0
2025-09-03,Michael Conforto,R,0,0,1,0
2025-09-03,Mookie Betts,L,0,0,1,0
2025-09-03,Mookie Betts,R,0,1,2,0
2025-09-03,Shohei Ohtani,L,1,0,1,0
2025-09-03,Shohei Ohtani,R,1,0,4,0
2025-09-03,Teoscar Hernandez,R,0,2,2,0
2025-09-03,Will Smith,R,0,0,1,0
2025-09-04,Andy Pages,R,1,0,4,1
2025-09-04,Ben Rortvedt,R,0,0,1,0
2025-09-04,Dalton Rushing,R,1,0,3,0
2025-09-04,Freddie Freeman,R,0,0,4,0
2025-09-04,Hyeseong Kim,R,0,0,4,0
2025-09-04,Michael Conforto,R,2,0,4,0
2025-09-04,Miguel Rojas,R,2,0,4,1
2025-09-04,Mookie Betts,R,1,0,4,1
2025-09-04,Shohei Ohtani,L,0,0,1,0
2025-09-04,Shohei Ohtani,R,0,1,2,0
2025-09-04,Teoscar Hernandez,R,1,0,4,0
2025-09-05,Alex Call,R,0,0,1,0
2025-09-05,Andy Pages,L,0,0,1,0
2025-09-05,Andy Pages,R,1,0,3,0
2025-09-05,Ben Rortvedt,R,0,0,1,0
2025-09-05,Dalton Rushing,L,0,0,1,0
2025-09-05,Dalton Rushing,R,0,0,1,0
2025-09-05,Enrique Hernandez,L,0,1,0,0
2025-09-05,Enrique Hernandez,R,1,0,2,0
2025-09-05,Freddie Freeman,L,2,0,3,1
2025-09-05,Freddie Freeman,R,0,0,1,0
2025-09-05,Hyeseong Kim,R,0,0,1,0
2025-09-05,Michael Conforto,L,0,1,0,0
2025-09-05,Michael Conforto,R,0,0,3,0
2025-09-05,Miguel Rojas,L,0,1,0,0
2025-09-05,Miguel Rojas,R,0,0,3,0
2025-09-05,Mookie Betts,L,1,0,2,0
2025-09-05,Mookie Betts,R,0,0,2,0
2025-09-05,Shohei Ohtani,L,0,0,2,0
2025-09-05,Shohei Ohtani,R,0,1,1,0
2025-09-05,Teoscar Hernandez,L,0,0,1,0
2025-09-05,Teoscar Hernandez,R,0,0,3,0
2025-09-06,Alex Call,L,1,0,3,0
2025-09-06,Alex Call,R,0,0,1,0
2025-09-06,Andy Pages,L,0,0,3,0
2025-09-06,Andy Pages,R,0,0,1,0
2025-09-06,Ben Rortvedt,L,0,0,2,0
2025-09-06,Ben Rortvedt,R,1,0,2,0
2025-09-06,Enrique Hernandez,L,1,1,1,0
2025-09-06,Enrique Hernandez,R,0,0,2,0
2025-09-06,Freddie Freeman,L,2,0,3,0
2025-09-06,Miguel Rojas,L,2,0,2,0
2025-09-06,Miguel Rojas,R,0,0,2,0
2025-09-06,Mookie Betts,L,1,0,3,1
2025-09-06,Mookie Betts,R,1,0,2,1
2025-09-06,Shohei Ohtani,L,1,0,3,1
2025-09-06,Shohei Ohtani,R,0,0,2,0
2025-09-06,Teoscar Hernandez,L,0,0,3,0
2025-09-06,Teoscar Hernandez,R,0,0,1,0
2025-09-07,Alex Call,L,0,0,2,0
2025-09-07,Alex Call,R,1,0,2,0
2025-09-07,Ben Rortvedt,L,0,0,1,0
2025-09-07,Ben Rortvedt,R,1,0,3,0
2025-09-07,Enrique Hernandez,L,0,0,1,0
2025-09-07,Enrique Hernandez,R,0,0,3,0
2025-09-07,Freddie Freeman,L,0,0,2,0
2025-09-07,Freddie Freeman,R,0,0,3,0
2025-09-07,Hyeseong Kim,R,1,0,4,0
2025-09-07,Michael Conforto,L,1,1,1,0
2025-09-07,Michael Conforto,R,1,0,3,0
2025-09-07,Miguel Rojas,L,0,0,1,0
2025-09-07,Miguel Rojas,R,1,0,3,0
2025-09-07,Mookie Betts,L,0,0,2,0
2025-09-07,Mookie Betts,R,2,0,3,2
2025-09-07,Shohei Ohtani,L,0,2,0,0
2025-09-07,Shohei Ohtani,R,2,1,2,2
2025-09-08,Andy Pages,R,0,0,2,0
2025-09-08,Ben Rortvedt,R,0,1,1,0
2025-09-08,Freddie Freeman,R,1,0,4,1
2025-09-08,Hyeseong Kim,R,0,1,2,0
2025-09-08,Max Muncy,R,0,0,3,0
2025-09-08,Michael Conforto,R,1,0,4,0
2025-09-08,Mookie Betts,R,1,0,4,2
2025-09-08,Shohei Ohtani,R,1,1,3,0
2025-09-08,Teoscar Hernandez,R,0,0,4,0
2025-09-09,Andy Pages,R,1,0,3,0
2025-09-09,Freddie Freeman,R,1,0,4,1
2025-09-09,Max Muncy,R,0,0,4,0
2025-09-09,Michael Conforto,R,0,0,4,0
2025-09-09,Miguel Rojas,R,0,0,3,0
2025-09-09,Mookie Betts,R,2,0,4,2
2025-09-09,Shohei Ohtani,R,1,1,3,1
2025-09-09,Teoscar Hernandez,R,3,0,4,2
2025-09-09,Will Smith,R,1,0,4,0
2025-09-10,Andy Pages,L,2,0,3,1
2025-09-10,Andy Pages,R,1,0,1,0
2025-09-10,Ben Rortvedt,L,1,0,3,0
2025-09-10,Ben Rortvedt,R,1,0,1,0
2025-09-10,Enrique Hernandez,L,0,0,3,1
2025-09-10,Enrique Hernandez,R,0,0,1,0
2025-09-10,Freddie Freeman,L,0,0,3,0
2025-09-10,Freddie Freeman,R,0,0,2,0
2025-09-10,Hyeseong Kim,R,0,0,1,0
2025-09-10,Miguel Rojas,L,2,0,3,0
2025-09-10,Miguel Rojas,R,0,0,1,0
2025-09-10,Mookie Betts,L,3,0,3,1
2025-09-10,Mookie Betts,R,1,0,2,4
2025-09-10,Shohei Ohtani,L,1,1,3,1
2025-09-10,Shohei Ohtani,R,0,0,1,0
2025-09-10,Teoscar Hernandez,L,0,0,3,0
2025-09-10,Teoscar Hernandez,R,1,0,2,1
2025-09-10,Tommy Edman,L,0,0,3,0
2025-09-10,Tommy Edman,R,1,0,1,0
2025-09-12,Andy Pages,R,0,0,4,0
2025-09-12,Ben Rortvedt,R,1,0,4,0
2025-09-12,Freddie Freeman,L,0,0,1,0
2025-09-12,Freddie Freeman,R,1,0,4,0
2025-09-12,Max Muncy,L,0,0,0,0
2025-09-12,Max Muncy,R,1,1,2,0
2025-09-12,Michael Conforto,L,0,0,1,0
2025-09-12,Michael Conforto,R,1,0,3,1
2025-09-12,Mookie Betts,R,0,1,4,0
2025-09-12,Shohei Ohtani,R,0,1,2,0
2025-09-12,Teoscar Hernandez,L,0,0,1,0
2025-09-12,Teoscar Hernandez,R,0,0,3,0
2025-09-12,Tommy Edman,R,0,0,4,0
2025-09-13,Andy Pages,L,1,0,1,0
2025-09-13,Andy Pages,R,1,0,4,0
2025-09-13,Ben Rortvedt,L,0,0,1,0
2025-09-13,Ben Rortvedt,R,2,0,4,2
2025-09-13,Enrique Hernandez,R,0,0,2,0
2025-09-13,Freddie Freeman,L,0,0,1,0
2025-09-13,Freddie Freeman,R,3,0,5,2
2025-09-13,Max Muncy,L,0,0,0,0
2025-09-13,Max Muncy,R,0,1,2,0
2025-09-13,Michael Conforto,L,0,1,0,0
2025-09-13,Michael Conforto,R,1,1,3,1
2025-09-13,Miguel Rojas,L,1,0,1,2
2025-09-13,Miguel Rojas,R,0,1,3,0
2025-09-13,Mookie Betts,R,2,1,5,1
2025-09-13,Shohei Ohtani,L,0,0,1,0
2025-09-13,Shohei Ohtani,R,3,0,4,1
2025-09-13,Teoscar Hernandez,L,0,0,1,0
2025-09-13,Teoscar Hernandez,R,3,0,4,3
2025-09-14,Alex Call,L,0,1,1,0
2025-09-14,Ben Rortvedt,L,1,1,1,0
2025-09-14,Ben Rortvedt,R,0,1,2,0
2025-09-14,Enrique Hernandez,L,0,0,2,1
2025-09-14,Enrique Hernandez,R,0,0,3,0
2025-09-14,Freddie Freeman,L,2,0,3,1
2025-09-14,Freddie Freeman,R,1,0,3,0
2025-09-14,Hyeseong Kim,R,0,0,1,0
2025-09-14,Michael Conforto,R,3,0,4,3
2025-09-14,Miguel Rojas,L,0,1,1,0
2025-09-14,Miguel Rojas,R,1,0,3,2
2025-09-14,Mookie Betts,L,1,1,2,0
2025-09-14,Mookie Betts,R,2,0,2,0
2025-09-14,Shohei Ohtani,L,0,0,3,0
2025-09-14,Shohei Ohtani,R,1,0,3,0
2025-09-14,Teoscar Hernandez,L,2,0,3,0
2025-09-14,Teoscar Hernandez,R,2,0,3,0
2025-09-14,Tommy Edman,L,0,0,2,1
2025-09-14,Tommy Edman,R,2,1,3,1
2025-09-15,Alex Call,L,1,0,4,0
2025-09-15,Alex Call,R,0,1,0,0
2025-09-15,Andy Pages,L,2,0,3,0
2025-09-15,Andy Pages,R,1,0,1,1
2025-09-15,Ben Rortvedt,R,0,0,1,0
2025-09-15,Freddie Freeman,L,1,0,4,0
2025-09-15,Max Muncy,L,1,0,3,1
2025-09-15,Max Muncy,R,0,0,2,0
2025-09-15,Michael Conforto,R,0,0,2,0
2025-09-15,Miguel Rojas,L,1,1,3,0
2025-09-15,Miguel Rojas,R,0,0,1,0
2025-09-15,Mookie Betts,L,0,0,3,2
2025-09-15,Mookie Betts,R,1,0,2,1
2025-09-15,Shohei Ohtani,L,1,1,2,0
2025-09-15,Shohei Ohtani,R,0,1,1,0
2025-09-15,Teoscar Hernandez,L,0,0,3,0
2025-09-15,Teoscar Hernandez,R,0,0,1,0
2025-09-16,Alex Call,L,1,0,4,2
2025-09-16,Andy Pages,L,2,0,4,0
2025-09-16,Ben Rortvedt,L,0,0,2,0
2025-09-16,Dalton Rushing,R,0,0,1,0
2025-09-16,Enrique Hernandez,L,1,0,3,3
2025-09-16,Freddie Freeman,L,0,1,3,0
2025-09-16,Max Muncy,R,0,0,1,0
2025-09-16,Miguel Rojas,L,0,0,1,0
2025-09-16,Mookie Betts,L,1,0,3,0
2025-09-16,Mookie Betts,R,0,0,1,0
2025-09-16,Shohei Ohtani,L,1,0,3,0
2025-09-16,Shohei Ohtani,R,1,0,2,1
2025-09-16,Teoscar Hernandez,L,0,0,3,0
2025-09-16,Teoscar Hernandez,R,1,0,1,0
2025-09-16,Tommy Edman,L,2,0,4,0
2025-09-17,Andy Pages,L,1,1,2,0
2025-09-17,Ben Rortvedt,L,1,0,3,1
2025-09-17,Enrique Hernandez,L,1,0,3,1
2025-09-17,Freddie Freeman,L,1,0,3,1
2025-09-17,Freddie Freeman,R,1,0,1,0
2025-09-17,Miguel Rojas,L,1,0,3,0
2025-09-17,Miguel Rojas,R,0,0,1,0
2025-09-17,Mookie Betts,L,0,0,3,0
2025-09-17,Mookie Betts,R,0,0,1,0
2025-09-17,Shohei Ohtani,L,1,0,4,1
2025-09-17,Teoscar Hernandez,L,0,0,3,0
2025-09-17,Teoscar Hernandez,R,0,1,0,0
2025-09-17,Tommy Edman,L,0,0,3,0
2025-09-17,Tommy Edman,R,0,0,1,1
2025-09-18,Andy Pages,R,0,0,3,0
2025-09-18,Ben Rortvedt,L,0,0,1,0
2025-09-18,Ben Rortvedt,R,1,0,2,0
2025-09-18,Freddie Freeman,L,0,0,1,0
2025-09-18,Freddie Freeman,R,1,0,3,1
2025-09-18,Max Muncy,R,0,0,3,0
2025-09-18,Michael Conforto,R,0,0,3,0
2025-09-18,Miguel Rojas,R,1,0,3,0
2025-09-18,Mookie Betts,L,0,0,1,0
2025-09-18,Mookie Betts,R,0,1,2,1
2025-09-18,Shohei Ohtani,L,1,0,1,0
2025-09-18,Shohei Ohtani,R,1,0,3,0
2025-09-18,Teoscar Hernandez,R,0,0,3,0
2025-09-19,Andy Pages,L,2,0,2,0
2025-09-19,Andy Pages,R,1,0,1,1
2025-09-19,Dalton Rushing,L,0,0,3,0
2025-09-19,Enrique Hernandez,L,0,1,1,0
2025-09-19,Enrique Hernandez,R,0,0,1,0
2025-09-19,Freddie Freeman,L,0,0,2,0
2025-09-19,Freddie Freeman,R,0,0,2,0
2025-09-19,Miguel Rojas,L,1,0,2,1
2025-09-19,Miguel Rojas,R,1,0,1,0
2025-09-19,Mookie Betts,L,1,0,4,1
2025-09-19,Shohei Ohtani,L,1,0,4,3
2025-09-19,Teoscar Hernandez,L,0,1,1,0
2025-09-19,Teoscar Hernandez,R,0,0,2,0
2025-09-19,Tommy Edman,L,0,0,2,0
2025-09-19,Tommy Edman,R,0,0,2,0
2025-09-20,Andy Pages,R,0,0,4,0
2025-09-20,Ben Rortvedt,R,0,0,4,0
2025-09-20,Freddie Freeman,L,1,0,1,1
2025-09-20,Freddie Freeman,R,0,0,3,0
2025-09-20,Max Muncy,L,0,0,1,0
2025-09-20,Max Muncy,R,1,0,3,2
2025-09-20,Michael Conforto,R,3,0,4,1
2025-09-20,Mookie Betts,R,1,2,3,0
2025-09-20,Shohei Ohtani,R,1,1,3,1
2025-09-20,Teoscar Hernandez,R,1,1,3,1
2025-09-20,Tommy Edman,R,1,0,4,1
2025-09-21,Alex Call,R,1,0,2,0
2025-09-21,Andy Pages,R,1,0,4,0
2025-09-21,Dalton Rushing,L,1,0,1,0
2025-09-21,Dalton Rushing,R,0,0,2,0
2025-09-21,Freddie Freeman,L,0,0,1,0
2025-09-21,Freddie Freeman,R,1,0,3,0
2025-09-21,Max Muncy,L,0,0,1,0
2025-09-21,Max Muncy,R,1,1,2,0
2025-09-21,Michael Conforto,R,1,0,4,1
2025-09-21,Miguel Rojas,R,0,0,3,0
2025-09-21,Mookie Betts,L,0,0,1,0
2025-09-21,Mookie Betts,R,0,0,3,0
2025-09-21,Shohei Ohtani,L,0,0,1,0
2025-09-21,Shohei Ohtani,R,1,0,3,0
2025-09-21,Tommy Edman,R,0,0,1,0
2025-09-23,Andy Pages,R,0,0,3,0
2025-09-23,Ben Rortvedt,R,1,0,3,1
2025-09-23,Freddie Freeman,L,0,0,1,0
2025-09-23,Freddie Freeman,R,1,1,2,0
2025-09-23,Max Muncy,L,0,0,1,0
2025-09-23,Max Muncy,R,0,0,3,0
2025-09-23,Michael Conforto,R,0,0,4,0
2025-09-23,Mookie Betts,L,0,0,1,0
2025-09-23,Mookie Betts,R,1,0,3,0
2025-09-23,Shohei Ohtani,L,0,0,1,0
2025-09-23,Shohei Ohtani,R,0,1,2,0
2025-09-23,Teoscar Hernandez,R,2,0,4,3
2025-09-23,Tommy Edman,R,0,0,4,0
2025-09-24,Andy Pages,L,0,0,1,0
2025-09-24,Andy Pages,R,1,0,4,2
2025-09-24,Ben Rortvedt,L,0,1,0,0
2025-09-24,Ben Rortvedt,R,0,0,3,0
2025-09-24,Enrique Hernandez,L,0,0,2,0
2025-09-24,Freddie Freeman,L,0,0,2,0
2025-09-24,Freddie Freeman,R,1,0,3,0
2025-09-24,Max Muncy,R,0,0,3,0
2025-09-24,Miguel Rojas,L,0,0,1,0
2025-09-24,Miguel Rojas,R,1,0,3,0
2025-09-24,Mookie Betts,L,2,0,2,0
2025-09-24,Mookie Betts,R,1,0,3,1
2025-09-24,Shohei Ohtani,L,0,0,2,0
2025-09-24,Shohei Ohtani,R,1,0,3,0
2025-09-24,Teoscar Hernandez,L,1,0,2,1
2025-09-24,Teoscar Hernandez,R,0,0,3,0
2025-09-24,Tommy Edman,L,1,0,1,1
2025-09-24,Tommy Edman,R,2,0,4,0
2025-09-25,Alex Call,R,1,0,2,0
2025-09-25,Andy Pages,R,1,1,4,1
2025-09-25,Dalton Rushing,R,1,0,4,0
2025-09-25,Enrique Hernandez,R,2,0,5,0
2025-09-25,Freddie Freeman,L,1,0,1,1
2025-09-25,Freddie Freeman,R,1,1,2,2
2025-09-25,Hyeseong Kim,R,0,0,1,0
2025-09-25,Michael Conforto,R,0,1,4,0
2025-09-25,Miguel Rojas,R,1,0,5,0
2025-09-25,Mookie Betts,L,0,0,1,0
2025-09-25,Mookie Betts,R,1,1,3,2
2025-09-25,Shohei Ohtani,L,0,0,1,0
2025-09-25,Shohei Ohtani,R,1,0,4,2
2025-09-25,Teoscar Hernandez,L,0,0,1,0
2025-09-25,Teoscar Hernandez,R,1,0,2,0
2025-09-26,Alex Call,L,0,0,1,0
2025-09-26,Andy Pages,R,0,0,4,0
2025-09-26,Ben Rortvedt,R,0,0,2,0
2025-09-26,Dalton Rushing,R,2,0,4,1
2025-09-26,Enrique Hernandez,R,1,0,4,2
2025-09-26,Hyeseong Kim,L,1,0,1,0
2025-09-26,Hyeseong Kim,R,0,0,3,0
2025-09-26,Michael Conforto,R,0,1,2,0
2025-09-26,Miguel Rojas,R,1,0,4,0
2025-09-26,Shohei Ohtani,R,0,1,3,0
2025-09-26,Teoscar Hernandez,L,0,0,1,0
2025-09-26,Teoscar Hernandez,R,1,0,3,0
2025-09-27,Alex Call,R,0,1,3,0
2025-09-27,Andy Pages,R,0,0,4,0
2025-09-27,Dalton Rushing,R,1,0,4,2
2025-09-27,Enrique Hernandez,R,3,0,4,2
2025-09-27,Freddie Freeman,R,1,2,2,0
2025-09-27,Michael Conforto,R,1,1,3,0
2025-09-27,Miguel Rojas,R,1,0,4,0
2025-09-27,Mookie Betts,R,0,0,4,0
2025-09-27,Tommy Edman,R,0,0,5,0
2025-09-28,Andy Pages,L,0,0,1,0
2025-09-28,Andy Pages,R,1,0,3,1
2025-09-28,Ben Rortvedt,L,0,0,1,0
2025-09-28,Ben Rortvedt,R,0,0,3,0
2025-09-28,Dalton Rushing,L,0,0,1,0
2025-09-28,Dalton Rushing,R,1,0,1,0
2025-09-28,Enrique Hernandez,L,0,0,1,0
2025-09-28,Enrique Hernandez,R,0,0,3,0
2025-09-28,Freddie Freeman,R,1,0,2,2
2025-09-28,Hyeseong Kim,L,0,0,1,0
2025-09-28,Hyeseong Kim,R,1,0,3,2
2025-09-28,Michael Conforto,L,0,0,1,0
2025-09-28,Michael Conforto,R,0,2,1,0
2025-09-28,Mookie Betts,L,0,0,2,0
2025-09-28,Mookie Betts,R,0,0,2,0
2025-09-28,Shohei Ohtani,L,1,0,1,1
2025-09-28,Shohei Ohtani,R,2,0,4,0
2025-09-28,Teoscar Hernandez,L,0,0,1,0
2025-09-28,Teoscar Hernandez,R,1,0,3,0
